ctime,schemaname,relname,seq_scan,seq_tup_read,idx_scan,idx_tup_fetch,n_tup_ins,n_tup_upd,n_tup_del,n_tup_hot_upd,n_live_tup,n_dead_tup,heap_blks_read,heap_blks_hit,idx_blks_read,idx_blks_hit,toast_blks_read,toast_blks_hit,tidx_blks_read,tidx_blks_hit
1416332235.02488,pg_catalog,pg_attrdef,0,0,0,0,0,0,0,0,0,0,0,0,0,0,0,0,0,0
1416332235.02488,pg_catalog,pg_db_role_setting,0,0,20716,0,0,0,0,0,0,0,0,0,67,20649,0,0,0,0
1416332235.02488,pg_catalog,pg_rowsecurity,0,0,0,0,0,0,0,0,0,0,0,0,0,0,,,,
1416332235.02488,pg_catalog,pg_description,0,0,679,0,0,0,0,0,0,0,0,0,188,1321,0,0,0,0
1416332235.02488,pg_catalog,pg_foreign_data_wrapper,0,0,0,0,0,0,0,0,0,0,0,0,0,0,,,,
1416332235.02488,pg_catalog,pg_conversion,0,0,0,0,0,0,0,0,0,0,0,0,0,0,,,,
1416332235.02488,public,customer,10,9000000,28,28,1500000,0,0,0,1500000,0,68533,294885,10,114,,,,
1416332235.02488,pg_catalog,pg_class,1981,439928,116722,106104,275,81,275,79,337,107,1456,127978,1111,244332,,,,
1416332235.02488,pg_catalog,pg_opfamily,0,0,0,0,0,0,0,0,0,0,0,0,0,0,,,,
1416332235.02488,pg_catalog,pg_auth_members,0,0,0,0,0,0,0,0,0,0,0,0,0,0,,,,
1416332235.02488,pg_catalog,pg_operator,0,0,36250,189937,0,0,0,0,0,0,1092,131315,921,78533,,,,
1416332235.02488,public,nation,13,50,42,42,25,0,0,0,25,0,1,45,2,49,,,,
1416332235.02488,pg_toast,pg_toast_12345,0,0,0,0,0,0,0,0,0,0,0,0,0,0,,,,
1416332235.02488,public,lineitem,13,539874468,56,56,59986052,0,0,0,59985772,0,8516261,4746113,22,338,,,,
1416332235.02488,pg_catalog,pg_attribute,418,2850,96200,218039,1016,30,1016,30,2514,350,3621,107021,883,201158,,,,
1416332235.02488,pg_catalog,pg_tablespace,0,0,3343,3343,0,0,0,0,0,0,103,3240,213,6487,,,,
1416332235.02488,pg_catalog,pg_statistic,0,0,26537,25576,235,608,238,565,464,77,2688,24674,325,56748,6167,26614,253,22630
1416332235.02488,pg_catalog,pg_aggregate,0,0,2526,2526,0,0,0,0,0,0,184,2342,417,3984,,,,
1416332235.02488,pg_catalog,pg_inherits,0,0,151,0,0,0,0,0,0,0,0,0,66,85,,,,
1416332235.02488,pg_catalog,pg_enum,0,0,0,0,0,0,0,0,0,0,0,0,0,0,,,,
1416332235.02488,pg_toast,pg_toast_2396,0,0,0,0,0,0,0,0,0,0,0,0,0,0,,,,
1416332235.02488,pg_catalog,pg_pltemplate,0,0,0,0,0,0,0,0,0,0,0,0,0,0,,,,
1416332235.02488,pg_toast,pg_toast_2618,0,0,476,1520,0,0,0,0,0,0,259,325,74,694,,,,
1416332235.02488,public,region,6,10,8,8,5,0,0,0,5,0,1,11,2,9,,,,
1416332235.02488,pg_toast,pg_toast_3596,0,0,0,0,0,0,0,0,0,0,0,0,0,0,,,,
1416332235.02488,pg_toast,pg_toast_2606,0,0,0,0,0,0,0,0,0,0,0,0,0,0,,,,
1416332235.02488,pg_toast,pg_toast_2964,0,0,0,0,0,0,0,0,0,0,0,0,0,0,,,,
1416332235.02488,pg_toast,pg_toast_12330,0,0,0,0,0,0,0,0,0,0,0,0,0,0,,,,
1416332235.02488,pg_catalog,pg_database,600,2334,16988,16988,0,0,0,0,0,0,52,17536,304,27031,,,,
1416332235.02488,information_schema,sql_sizing_profiles,0,0,,,0,0,0,0,0,0,0,0,,,0,0,0,0
1416332235.02488,pg_toast,pg_toast_2620,0,0,0,0,0,0,0,0,0,0,0,0,0,0,,,,
1416332235.02488,pg_catalog,pg_depend,0,0,6313,6792,1159,0,1159,0,6685,9,1072,8212,1600,16536,,,,
1416332235.02488,public,orders,10,60000000,30,30,15000000,0,0,0,15000000,0,504554,1558810,8,118,,,,
1416332235.02488,pg_catalog,pg_language,0,0,0,0,0,0,0,0,0,0,0,0,0,0,,,,
1416332235.02488,pg_toast,pg_toast_12320,0,0,0,0,0,0,0,0,0,0,0,0,0,0,,,,
1416332235.02488,pg_catalog,pg_amproc,76,152,20804,32792,0,0,0,0,0,0,121,20449,214,46330,,,,
1416332235.02488,public,time_statistics,1,1,,,3,1,0,1,3,1,2,3,,,,,,
1416332235.02488,pg_catalog,pg_collation,0,0,0,0,0,0,0,0,0,0,0,0,0,0,,,,
1416332235.02488,pg_catalog,pg_range,0,0,1124,0,0,0,0,0,0,0,0,0,420,1828,,,,
1416332235.02488,pg_toast,pg_toast_2609,0,0,0,0,0,0,0,0,0,0,0,0,0,0,,,,
1416332235.02488,pg_catalog,pg_opclass,76,76,28686,322168,0,0,0,0,0,0,230,127780,464,35165,,,,
1416332235.02488,information_schema,sql_packages,0,0,,,0,0,0,0,0,0,0,0,,,0,0,0,0
1416332235.02488,pg_catalog,pg_rewrite,0,0,1146,903,81,0,81,0,110,51,582,1016,267,1691,259,325,148,1388
1416332235.02488,pg_toast,pg_toast_1255,0,0,0,0,0,0,0,0,0,0,0,0,0,0,,,,
1416332235.02488,pg_catalog,pg_seclabel,0,0,679,0,0,0,0,0,0,0,0,0,61,618,0,0,0,0
1416332235.02488,public,partsupp,5,24000000,42,42,8000000,0,0,0,8000000,0,340611,954551,12,124,,,,
1416332235.02488,pg_toast,pg_toast_12335,0,0,0,0,0,0,0,0,0,0,0,0,0,0,,,,
1416332235.02488,pg_catalog,pg_ts_parser,0,0,0,0,0,0,0,0,0,0,0,0,0,0,,,,
1416332235.02488,pg_catalog,pg_trigger,0,0,0,0,0,0,0,0,0,0,0,0,0,0,0,0,0,0
1416332235.02488,pg_toast,pg_toast_12340,0,0,0,0,0,0,0,0,0,0,0,0,0,0,,,,
1416332235.02488,pg_catalog,pg_shseclabel,0,0,0,0,0,0,0,0,0,0,0,0,0,0,,,,
1416332235.02488,pg_catalog,pg_event_trigger,0,0,265,0,0,0,0,0,0,0,0,0,70,195,,,,
1416332235.02488,information_schema,sql_features,0,0,,,0,0,0,0,0,0,0,0,,,0,0,0,0
1416332235.02488,information_schema,sql_languages,0,0,,,0,0,0,0,0,0,0,0,,,0,0,0,0
1416332235.02488,public,supplier,7,400000,42,42,100000,0,0,0,100000,0,2312,15690,6,108,,,,
1416332235.02488,pg_catalog,pg_foreign_table,0,0,0,0,0,0,0,0,0,0,0,0,0,0,,,,
1416332235.02488,public,part,8,12000000,26,26,2000000,0,0,0,2000000,0,79007,327741,10,108,,,,
1416332235.02488,pg_catalog,pg_extension,0,0,0,0,0,0,0,0,0,0,0,0,0,0,,,,
1416332235.02488,pg_catalog,pg_ts_config,0,0,0,0,0,0,0,0,0,0,0,0,0,0,,,,
1416332235.02488,pg_catalog,pg_shdescription,0,0,0,0,0,0,0,0,0,0,0,0,0,0,0,0,0,0
1416332235.02488,pg_catalog,pg_cast,0,0,158150,37572,0,0,0,0,0,0,215,37357,147,162528,,,,
1416332235.02488,pg_catalog,pg_amop,0,0,42408,61711,0,0,0,0,0,0,325,61386,715,89660,,,,
1416332235.02488,pg_catalog,pg_user_mapping,0,0,0,0,0,0,0,0,0,0,0,0,0,0,,,,
1416332235.02488,pg_toast,pg_toast_12315,0,0,0,0,0,0,0,0,0,0,0,0,0,0,,,,
1416332235.02488,pg_catalog,pg_type,0,0,111525,110404,299,0,299,0,360,101,767,110968,1116,229243,,,,
1416332235.02488,pg_catalog,pg_largeobject,0,0,0,0,0,0,0,0,0,0,0,0,0,0,,,,
1416332235.02488,information_schema,sql_parts,0,0,,,0,0,0,0,0,0,0,0,,,0,0,0,0
1416332235.02488,pg_catalog,pg_ts_config_map,0,0,0,0,0,0,0,0,0,0,0,0,0,0,,,,
1416332235.02488,pg_catalog,pg_largeobject_metadata,0,0,0,0,0,0,0,0,0,0,0,0,0,0,,,,
1416332235.02488,pg_catalog,pg_am,5060,5060,0,0,0,0,0,0,0,0,80,4980,0,0,,,,
1416332235.02488,pg_catalog,pg_ts_template,0,0,0,0,0,0,0,0,0,0,0,0,0,0,,,,
1416332235.02488,pg_catalog,pg_foreign_server,0,0,0,0,0,0,0,0,0,0,0,0,0,0,,,,
1416332235.02488,pg_catalog,pg_namespace,200,16800,26043,21372,0,0,0,0,0,0,112,21660,330,30748,,,,
1416332235.02488,pg_toast,pg_toast_2619,0,0,19544,65346,886,0,648,0,261,20,6167,26614,253,22630,,,,
1416332235.02488,pg_catalog,pg_authid,114,114,9395,9395,0,0,0,0,0,0,65,9444,314,18476,,,,
1416332235.02488,pg_catalog,pg_default_acl,0,0,604,0,0,0,0,0,0,0,0,0,64,540,,,,
1416332235.02488,pg_catalog,pg_shdepend,0,0,830,151,0,0,0,0,0,0,70,81,267,865,,,,
1416332235.02488,pg_catalog,pg_constraint,0,0,48,24,24,0,24,0,8,24,12,132,24,240,0,0,0,0
1416332235.02488,information_schema,sql_implementation_info,0,0,,,0,0,0,0,0,0,0,0,,,0,0,0,0
1416332235.02488,pg_catalog,pg_index,702,61161,55483,77783,124,0,124,0,143,0,682,77407,392,63172,,,,
1416332235.02488,pg_catalog,pg_ts_dict,0,0,0,0,0,0,0,0,0,0,0,0,0,0,,,,
1416332235.02488,pg_toast,pg_toast_2604,0,0,0,0,0,0,0,0,0,0,0,0,0,0,,,,
1416332235.02488,pg_toast,pg_toast_12325,0,0,0,0,0,0,0,0,0,0,0,0,0,0,,,,
1416332235.02488,information_schema,sql_sizing,0,0,,,0,0,0,0,0,0,0,0,,,0,0,0,0
1416332235.02488,pg_catalog,pg_proc,0,0,41547,61587,0,0,0,0,0,0,3488,41387,1805,90190,0,0,0,0
1416332295.02786,pg_catalog,pg_attrdef,0,0,0,0,0,0,0,0,0,0,0,0,0,0,0,0,0,0
1416332295.02786,pg_catalog,pg_db_role_setting,0,0,20816,0,0,0,0,0,0,0,0,0,68,20748,0,0,0,0
1416332295.02786,pg_catalog,pg_rowsecurity,0,0,0,0,0,0,0,0,0,0,0,0,0,0,,,,
1416332295.02786,pg_catalog,pg_description,0,0,679,0,0,0,0,0,0,0,0,0,188,1321,0,0,0,0
1416332295.02786,pg_catalog,pg_foreign_data_wrapper,0,0,0,0,0,0,0,0,0,0,0,0,0,0,,,,
1416332295.02786,pg_catalog,pg_conversion,0,0,0,0,0,0,0,0,0,0,0,0,0,0,,,,
1416332295.02786,public,customer,10,9000000,28,28,1500000,0,0,0,1500000,0,68533,294885,10,114,,,,
1416332295.02786,pg_catalog,pg_class,1992,443315,117212,106579,275,81,275,79,337,107,1457,128596,1112,245349,,,,
1416332295.02786,pg_catalog,pg_opfamily,0,0,0,0,0,0,0,0,0,0,0,0,0,0,,,,
1416332295.02786,pg_catalog,pg_auth_members,0,0,0,0,0,0,0,0,0,0,0,0,0,0,,,,
1416332295.02786,pg_catalog,pg_operator,0,0,36317,190256,0,0,0,0,0,0,1104,131523,923,78687,,,,
1416332295.02786,public,nation,14,75,25746,25746,25,0,0,0,25,0,2,25749,4,25752,,,,
1416332295.02786,pg_toast,pg_toast_12345,0,0,0,0,0,0,0,0,0,0,0,0,0,0,,,,
1416332295.02786,public,lineitem,13,539874468,59,772168,60045669,0,0,0,60045389,0,8928130,4748816,109908,1305750,,,,
1416332295.02786,pg_catalog,pg_attribute,418,2850,96541,218689,1016,30,1016,30,2514,350,3638,107362,885,201858,,,,
1416332295.02786,pg_catalog,pg_tablespace,0,0,3355,3355,0,0,0,0,0,0,104,3251,216,6510,,,,
1416332295.02786,pg_catalog,pg_statistic,0,0,26606,25628,235,608,238,565,464,77,2697,24717,326,56897,6191,26629,253,22662
1416332295.02786,pg_catalog,pg_aggregate,0,0,2529,2529,0,0,0,0,0,0,185,2344,419,3988,,,,
1416332295.02786,pg_catalog,pg_inherits,0,0,151,0,0,0,0,0,0,0,0,0,66,85,,,,
1416332295.02786,pg_catalog,pg_enum,0,0,0,0,0,0,0,0,0,0,0,0,0,0,,,,
1416332295.02786,pg_toast,pg_toast_2396,0,0,0,0,0,0,0,0,0,0,0,0,0,0,,,,
1416332295.02786,pg_catalog,pg_pltemplate,0,0,0,0,0,0,0,0,0,0,0,0,0,0,,,,
1416332295.02786,pg_toast,pg_toast_2618,0,0,482,1538,0,0,0,0,0,0,265,326,74,704,,,,
1416332295.02786,public,region,6432,32135,12,12,5,0,0,0,5,0,2,6439,4,12,,,,
1416332295.02786,pg_toast,pg_toast_3596,0,0,0,0,0,0,0,0,0,0,0,0,0,0,,,,
1416332295.02786,pg_toast,pg_toast_2606,0,0,0,0,0,0,0,0,0,0,0,0,0,0,,,,
1416332295.02786,pg_toast,pg_toast_2964,0,0,0,0,0,0,0,0,0,0,0,0,0,0,,,,
1416332295.02786,pg_toast,pg_toast_12330,0,0,0,0,0,0,0,0,0,0,0,0,0,0,,,,
1416332295.02786,pg_catalog,pg_database,604,2344,17067,17067,0,0,0,0,0,0,52,17619,308,27155,,,,
1416332295.02786,information_schema,sql_sizing_profiles,0,0,,,0,0,0,0,0,0,0,0,,,0,0,0,0
1416332295.02786,pg_toast,pg_toast_2620,0,0,0,0,0,0,0,0,0,0,0,0,0,0,,,,
1416332295.02786,pg_catalog,pg_depend,0,0,6313,6792,1159,0,1159,0,6685,9,1072,8212,1600,16536,,,,
1416332295.02786,public,orders,10,60000000,30,30,15015000,0,0,0,15015000,0,504810,1559367,2828,132793,,,,
1416332295.02786,pg_catalog,pg_language,0,0,0,0,0,0,0,0,0,0,0,0,0,0,,,,
1416332295.02786,pg_toast,pg_toast_12320,0,0,0,0,0,0,0,0,0,0,0,0,0,0,,,,
1416332295.02786,pg_catalog,pg_amproc,76,152,20857,32875,0,0,0,0,0,0,121,20501,214,46452,,,,
1416332295.02786,public,time_statistics,4,13,,,6,4,0,4,6,4,2,12,,,,,,
1416332295.02786,pg_catalog,pg_collation,0,0,0,0,0,0,0,0,0,0,0,0,0,0,,,,
1416332295.02786,pg_catalog,pg_range,0,0,1127,0,0,0,0,0,0,0,0,0,422,1832,,,,
1416332295.02786,pg_toast,pg_toast_2609,0,0,0,0,0,0,0,0,0,0,0,0,0,0,,,,
1416332295.02786,pg_catalog,pg_opclass,76,76,28744,322717,0,0,0,0,0,0,230,128002,464,35244,,,,
1416332295.02786,information_schema,sql_packages,0,0,,,0,0,0,0,0,0,0,0,,,0,0,0,0
1416332295.02786,pg_catalog,pg_rewrite,0,0,1155,912,81,0,81,0,110,51,586,1021,267,1707,265,326,148,1408
1416332295.02786,pg_toast,pg_toast_1255,0,0,0,0,0,0,0,0,0,0,0,0,0,0,,,,
1416332295.02786,pg_catalog,pg_seclabel,0,0,679,0,0,0,0,0,0,0,0,0,61,618,0,0,0,0
1416332295.02786,public,partsupp,5,24000000,26315,1612710,8000000,0,0,0,8000000,0,511564,2377810,20063,63425,,,,
1416332295.02786,pg_toast,pg_toast_12335,0,0,0,0,0,0,0,0,0,0,0,0,0,0,,,,
1416332295.02786,pg_catalog,pg_ts_parser,0,0,0,0,0,0,0,0,0,0,0,0,0,0,,,,
1416332295.02786,pg_catalog,pg_trigger,0,0,0,0,0,0,0,0,0,0,0,0,0,0,0,0,0,0
1416332295.02786,pg_toast,pg_toast_12340,0,0,0,0,0,0,0,0,0,0,0,0,0,0,,,,
1416332295.02786,pg_catalog,pg_shseclabel,0,0,0,0,0,0,0,0,0,0,0,0,0,0,,,,
1416332295.02786,pg_catalog,pg_event_trigger,0,0,265,0,0,0,0,0,0,0,0,0,70,195,,,,
1416332295.02786,information_schema,sql_features,0,0,,,0,0,0,0,0,0,0,0,,,0,0,0,0
1416332295.02786,information_schema,sql_languages,0,0,,,0,0,0,0,0,0,0,0,,,0,0,0,0
1416332295.02786,public,supplier,9,500000,25746,25746,100000,0,0,0,100000,0,4491,41394,284,51408,,,,
1416332295.02786,pg_catalog,pg_foreign_table,0,0,0,0,0,0,0,0,0,0,0,0,0,0,,,,
1416332295.02786,public,part,9,14000000,33,2000032,2000000,0,0,0,2000000,0,119529,369021,5483,130,,,,
1416332295.02786,pg_catalog,pg_extension,0,0,0,0,0,0,0,0,0,0,0,0,0,0,,,,
1416332295.02786,pg_catalog,pg_ts_config,0,0,0,0,0,0,0,0,0,0,0,0,0,0,,,,
1416332295.02786,pg_catalog,pg_shdescription,0,0,0,0,0,0,0,0,0,0,0,0,0,0,0,0,0,0
1416332295.02786,pg_catalog,pg_cast,0,0,158479,37668,0,0,0,0,0,0,215,37453,147,162872,,,,
1416332295.02786,pg_catalog,pg_amop,0,0,42503,61848,0,0,0,0,0,0,327,61521,715,89869,,,,
1416332295.02786,pg_catalog,pg_user_mapping,0,0,0,0,0,0,0,0,0,0,0,0,0,0,,,,
1416332295.02786,pg_toast,pg_toast_12315,0,0,0,0,0,0,0,0,0,0,0,0,0,0,,,,
1416332295.02786,pg_catalog,pg_type,0,0,111845,110724,299,0,299,0,360,101,768,111287,1116,229900,,,,
1416332295.02786,pg_catalog,pg_largeobject,0,0,0,0,0,0,0,0,0,0,0,0,0,0,,,,
1416332295.02786,information_schema,sql_parts,0,0,,,0,0,0,0,0,0,0,0,,,0,0,0,0
1416332295.02786,pg_catalog,pg_ts_config_map,0,0,0,0,0,0,0,0,0,0,0,0,0,0,,,,
1416332295.02786,pg_catalog,pg_largeobject_metadata,0,0,0,0,0,0,0,0,0,0,0,0,0,0,,,,
1416332295.02786,pg_catalog,pg_am,5076,5076,0,0,0,0,0,0,0,0,80,4996,0,0,,,,
1416332295.02786,pg_catalog,pg_ts_template,0,0,0,0,0,0,0,0,0,0,0,0,0,0,,,,
1416332295.02786,pg_catalog,pg_foreign_server,0,0,0,0,0,0,0,0,0,0,0,0,0,0,,,,
1416332295.02786,pg_catalog,pg_namespace,202,16968,26232,21545,0,0,0,0,0,0,112,21837,331,30954,,,,
1416332295.02786,pg_toast,pg_toast_2619,0,0,19570,65444,886,0,648,0,261,20,6191,26629,253,22662,,,,
1416332295.02786,pg_catalog,pg_authid,117,117,9441,9441,0,0,0,0,0,0,66,9492,318,18564,,,,
1416332295.02786,pg_catalog,pg_default_acl,0,0,604,0,0,0,0,0,0,0,0,0,64,540,,,,
1416332295.02786,pg_catalog,pg_shdepend,0,0,830,151,0,0,0,0,0,0,70,81,267,865,,,,
1416332295.02786,pg_catalog,pg_constraint,0,0,48,24,24,0,24,0,8,24,12,132,24,240,0,0,0,0
1416332295.02786,information_schema,sql_implementation_info,0,0,,,0,0,0,0,0,0,0,0,,,0,0,0,0
1416332295.02786,pg_catalog,pg_index,707,61876,55599,77943,124,0,124,0,143,0,682,77585,392,63314,,,,
1416332295.02786,pg_catalog,pg_ts_dict,0,0,0,0,0,0,0,0,0,0,0,0,0,0,,,,
1416332295.02786,pg_toast,pg_toast_2604,0,0,0,0,0,0,0,0,0,0,0,0,0,0,,,,
1416332295.02786,pg_toast,pg_toast_12325,0,0,0,0,0,0,0,0,0,0,0,0,0,0,,,,
1416332295.02786,information_schema,sql_sizing,0,0,,,0,0,0,0,0,0,0,0,,,0,0,0,0
1416332295.02786,pg_catalog,pg_proc,0,0,41687,61803,0,0,0,0,0,0,3506,41539,1810,90496,0,0,0,0
1416332355.03017,pg_catalog,pg_attrdef,0,0,0,0,0,0,0,0,0,0,0,0,0,0,0,0,0,0
1416332355.03017,pg_catalog,pg_db_role_setting,0,0,20844,0,0,0,0,0,0,0,0,0,69,20775,0,0,0,0
1416332355.03017,pg_catalog,pg_rowsecurity,0,0,0,0,0,0,0,0,0,0,0,0,0,0,,,,
1416332355.03017,pg_catalog,pg_description,0,0,679,0,0,0,0,0,0,0,0,0,188,1321,0,0,0,0
1416332355.03017,pg_catalog,pg_foreign_data_wrapper,0,0,0,0,0,0,0,0,0,0,0,0,0,0,,,,
1416332355.03017,pg_catalog,pg_conversion,0,0,0,0,0,0,0,0,0,0,0,0,0,0,,,,
1416332355.03017,public,customer,10,9000000,28,28,1500000,0,0,0,1500000,0,68533,294885,10,114,,,,
1416332355.03017,pg_catalog,pg_class,2001,446028,117545,106912,275,81,275,79,337,107,1471,129033,1118,246022,,,,
1416332355.03017,pg_catalog,pg_opfamily,0,0,0,0,0,0,0,0,0,0,0,0,0,0,,,,
1416332355.03017,pg_catalog,pg_auth_members,0,0,0,0,0,0,0,0,0,0,0,0,0,0,,,,
1416332355.03017,pg_catalog,pg_operator,0,0,36331,190270,0,0,0,0,0,0,1104,131537,923,78720,,,,
1416332355.03017,public,nation,14,75,25746,25746,25,0,0,0,25,0,2,25749,4,25752,,,,
1416332355.03017,pg_toast,pg_toast_12345,0,0,0,0,0,0,0,0,0,0,0,0,0,0,,,,
1416332355.03017,public,lineitem,13,539874468,59,772168,60045669,0,0,0,60045389,0,8928130,4748816,109908,1305750,,,,
1416332355.03017,pg_catalog,pg_attribute,418,2850,96718,218960,1016,30,1016,30,2514,350,3644,107540,891,202212,,,,
1416332355.03017,pg_catalog,pg_tablespace,0,0,3360,3360,0,0,0,0,0,0,104,3256,216,6520,,,,
1416332355.03017,pg_catalog,pg_statistic,0,0,26624,25642,235,608,238,565,464,77,2698,24730,326,56936,6191,26631,253,22666
1416332355.03017,pg_catalog,pg_aggregate,0,0,2530,2530,0,0,0,0,0,0,185,2345,419,3990,,,,
1416332355.03017,pg_catalog,pg_inherits,0,0,151,0,0,0,0,0,0,0,0,0,66,85,,,,
1416332355.03017,pg_catalog,pg_enum,0,0,0,0,0,0,0,0,0,0,0,0,0,0,,,,
1416332355.03017,pg_toast,pg_toast_2396,0,0,0,0,0,0,0,0,0,0,0,0,0,0,,,,
1416332355.03017,pg_catalog,pg_pltemplate,0,0,0,0,0,0,0,0,0,0,0,0,0,0,,,,
1416332355.03017,pg_toast,pg_toast_2618,0,0,486,1552,0,0,0,0,0,0,269,327,74,710,,,,
1416332355.03017,public,region,6432,32135,12,12,5,0,0,0,5,0,2,6439,4,12,,,,
1416332355.03017,pg_toast,pg_toast_3596,0,0,0,0,0,0,0,0,0,0,0,0,0,0,,,,
1416332355.03017,pg_toast,pg_toast_2606,0,0,0,0,0,0,0,0,0,0,0,0,0,0,,,,
1416332355.03017,pg_toast,pg_toast_2964,0,0,0,0,0,0,0,0,0,0,0,0,0,0,,,,
1416332355.03017,pg_toast,pg_toast_12330,0,0,0,0,0,0,0,0,0,0,0,0,0,0,,,,
1416332355.03017,pg_catalog,pg_database,607,2356,17096,17096,0,0,0,0,0,0,52,17651,312,27194,,,,
1416332355.03017,information_schema,sql_sizing_profiles,0,0,,,0,0,0,0,0,0,0,0,,,0,0,0,0
1416332355.03017,pg_toast,pg_toast_2620,0,0,0,0,0,0,0,0,0,0,0,0,0,0,,,,
1416332355.03017,pg_catalog,pg_depend,0,0,6313,6792,1159,0,1159,0,6685,9,1072,8212,1600,16536,,,,
1416332355.03017,public,orders,10,60000000,30,30,15015000,0,0,0,15015000,0,504810,1559367,2828,132793,,,,
1416332355.03017,pg_catalog,pg_language,0,0,0,0,0,0,0,0,0,0,0,0,0,0,,,,
1416332355.03017,pg_toast,pg_toast_12320,0,0,0,0,0,0,0,0,0,0,0,0,0,0,,,,
1416332355.03017,pg_catalog,pg_amproc,76,152,20868,32894,0,0,0,0,0,0,123,20510,220,46474,,,,
1416332355.03017,public,time_statistics,4,13,,,6,4,0,4,6,4,2,12,,,,,,
1416332355.03017,pg_catalog,pg_collation,0,0,0,0,0,0,0,0,0,0,0,0,0,0,,,,
1416332355.03017,pg_catalog,pg_range,0,0,1127,0,0,0,0,0,0,0,0,0,422,1832,,,,
1416332355.03017,pg_toast,pg_toast_2609,0,0,0,0,0,0,0,0,0,0,0,0,0,0,,,,
1416332355.03017,pg_catalog,pg_opclass,76,76,28756,322815,0,0,0,0,0,0,232,128036,468,35260,,,,
1416332355.03017,information_schema,sql_packages,0,0,,,0,0,0,0,0,0,0,0,,,0,0,0,0
1416332355.03017,pg_catalog,pg_rewrite,0,0,1160,917,81,0,81,0,110,51,590,1022,267,1715,269,327,148,1420
1416332355.03017,pg_toast,pg_toast_1255,0,0,0,0,0,0,0,0,0,0,0,0,0,0,,,,
1416332355.03017,pg_catalog,pg_seclabel,0,0,679,0,0,0,0,0,0,0,0,0,61,618,0,0,0,0
1416332355.03017,public,partsupp,5,24000000,26315,1612710,8000000,0,0,0,8000000,0,511564,2377810,20063,63425,,,,
1416332355.03017,pg_toast,pg_toast_12335,0,0,0,0,0,0,0,0,0,0,0,0,0,0,,,,
1416332355.03017,pg_catalog,pg_ts_parser,0,0,0,0,0,0,0,0,0,0,0,0,0,0,,,,
1416332355.03017,pg_catalog,pg_trigger,0,0,0,0,0,0,0,0,0,0,0,0,0,0,0,0,0,0
1416332355.03017,pg_toast,pg_toast_12340,0,0,0,0,0,0,0,0,0,0,0,0,0,0,,,,
1416332355.03017,pg_catalog,pg_shseclabel,0,0,0,0,0,0,0,0,0,0,0,0,0,0,,,,
1416332355.03017,pg_catalog,pg_event_trigger,0,0,265,0,0,0,0,0,0,0,0,0,70,195,,,,
1416332355.03017,information_schema,sql_features,0,0,,,0,0,0,0,0,0,0,0,,,0,0,0,0
1416332355.03017,information_schema,sql_languages,0,0,,,0,0,0,0,0,0,0,0,,,0,0,0,0
1416332355.03017,public,supplier,9,500000,25746,25746,100000,0,0,0,100000,0,4491,41394,284,51408,,,,
1416332355.03017,pg_catalog,pg_foreign_table,0,0,0,0,0,0,0,0,0,0,0,0,0,0,,,,
1416332355.03017,public,part,9,14000000,33,2000032,2000000,0,0,0,2000000,0,119529,369021,5483,130,,,,
1416332355.03017,pg_catalog,pg_extension,0,0,0,0,0,0,0,0,0,0,0,0,0,0,,,,
1416332355.03017,pg_catalog,pg_ts_config,0,0,0,0,0,0,0,0,0,0,0,0,0,0,,,,
1416332355.03017,pg_catalog,pg_shdescription,0,0,0,0,0,0,0,0,0,0,0,0,0,0,0,0,0,0
1416332355.03017,pg_catalog,pg_cast,0,0,158512,37685,0,0,0,0,0,0,215,37470,147,162908,,,,
1416332355.03017,pg_catalog,pg_amop,0,0,42520,61869,0,0,0,0,0,0,327,61542,715,89907,,,,
1416332355.03017,pg_catalog,pg_user_mapping,0,0,0,0,0,0,0,0,0,0,0,0,0,0,,,,
1416332355.03017,pg_toast,pg_toast_12315,0,0,0,0,0,0,0,0,0,0,0,0,0,0,,,,
1416332355.03017,pg_catalog,pg_type,0,0,111901,110780,299,0,299,0,360,101,768,111343,1116,230015,,,,
1416332355.03017,pg_catalog,pg_largeobject,0,0,0,0,0,0,0,0,0,0,0,0,0,0,,,,
1416332355.03017,information_schema,sql_parts,0,0,,,0,0,0,0,0,0,0,0,,,0,0,0,0
1416332355.03017,pg_catalog,pg_ts_config_map,0,0,0,0,0,0,0,0,0,0,0,0,0,0,,,,
1416332355.03017,pg_catalog,pg_largeobject_metadata,0,0,0,0,0,0,0,0,0,0,0,0,0,0,,,,
1416332355.03017,pg_catalog,pg_am,5082,5082,0,0,0,0,0,0,0,0,82,5000,0,0,,,,
1416332355.03017,pg_catalog,pg_ts_template,0,0,0,0,0,0,0,0,0,0,0,0,0,0,,,,
1416332355.03017,pg_catalog,pg_foreign_server,0,0,0,0,0,0,0,0,0,0,0,0,0,0,,,,
1416332355.03017,pg_catalog,pg_namespace,204,17136,26384,21694,0,0,0,0,0,0,112,21990,331,31111,,,,
1416332355.03017,pg_toast,pg_toast_2619,0,0,19572,65448,886,0,648,0,261,20,6191,26631,253,22666,,,,
1416332355.03017,pg_catalog,pg_authid,118,118,9451,9451,0,0,0,0,0,0,66,9503,318,18584,,,,
1416332355.03017,pg_catalog,pg_default_acl,0,0,604,0,0,0,0,0,0,0,0,0,64,540,,,,
1416332355.03017,pg_catalog,pg_shdepend,0,0,830,151,0,0,0,0,0,0,70,81,267,865,,,,
1416332355.03017,pg_catalog,pg_constraint,0,0,48,24,24,0,24,0,8,24,12,132,24,240,0,0,0,0
1416332355.03017,information_schema,sql_implementation_info,0,0,,,0,0,0,0,0,0,0,0,,,0,0,0,0
1416332355.03017,pg_catalog,pg_index,712,62591,55633,77986,124,0,124,0,143,0,684,77652,396,63353,,,,
1416332355.03017,pg_catalog,pg_ts_dict,0,0,0,0,0,0,0,0,0,0,0,0,0,0,,,,
1416332355.03017,pg_toast,pg_toast_2604,0,0,0,0,0,0,0,0,0,0,0,0,0,0,,,,
1416332355.03017,pg_toast,pg_toast_12325,0,0,0,0,0,0,0,0,0,0,0,0,0,0,,,,
1416332355.03017,information_schema,sql_sizing,0,0,,,0,0,0,0,0,0,0,0,,,0,0,0,0
1416332355.03017,pg_catalog,pg_proc,0,0,41753,61890,0,0,0,0,0,0,3508,41615,1810,90634,0,0,0,0
1416332415.03071,pg_catalog,pg_attrdef,0,0,0,0,0,0,0,0,0,0,0,0,0,0,0,0,0,0
1416332415.03071,pg_catalog,pg_db_role_setting,0,0,20920,0,0,0,0,0,0,0,0,0,70,20850,0,0,0,0
1416332415.03071,pg_catalog,pg_rowsecurity,0,0,0,0,0,0,0,0,0,0,0,0,0,0,,,,
1416332415.03071,pg_catalog,pg_description,0,0,679,0,0,0,0,0,0,0,0,0,188,1321,0,0,0,0
1416332415.03071,pg_catalog,pg_foreign_data_wrapper,0,0,0,0,0,0,0,0,0,0,0,0,0,0,,,,
1416332415.03071,pg_catalog,pg_conversion,0,0,0,0,0,0,0,0,0,0,0,0,0,0,,,,
1416332415.03071,public,customer,10,9000000,28,28,1500000,0,0,0,1500000,0,68533,294885,10,114,,,,
1416332415.03071,pg_catalog,pg_class,2011,449078,118081,107426,275,81,275,79,337,107,1483,129666,1127,247125,,,,
1416332415.03071,pg_catalog,pg_opfamily,0,0,0,0,0,0,0,0,0,0,0,0,0,0,,,,
1416332415.03071,pg_catalog,pg_auth_members,0,0,0,0,0,0,0,0,0,0,0,0,0,0,,,,
1416332415.03071,pg_catalog,pg_operator,0,0,36438,190954,0,0,0,0,0,0,1118,132001,932,78951,,,,
1416332415.03071,public,nation,16,125,25750,25750,25,0,0,0,25,0,3,25754,6,25756,,,,
1416332415.03071,pg_toast,pg_toast_12345,0,0,0,0,0,0,0,0,0,0,0,0,0,0,,,,
1416332415.03071,public,lineitem,13,539874468,525708,25600197,60045669,0,0,0,60045389,0,10825635,19575225,263880,3358591,,,,
1416332415.03071,pg_catalog,pg_attribute,418,2850,97090,219685,1016,30,1016,30,2514,350,3675,107900,897,202970,,,,
1416332415.03071,pg_catalog,pg_tablespace,0,0,3373,3373,0,0,0,0,0,0,105,3268,218,6544,,,,
1416332415.03071,pg_catalog,pg_statistic,0,0,26711,25711,235,608,238,565,464,77,2713,24784,331,57118,6219,26673,255,22722
1416332415.03071,pg_catalog,pg_aggregate,0,0,2536,2536,0,0,0,0,0,0,187,2349,423,3997,,,,
1416332415.03071,pg_catalog,pg_inherits,0,0,151,0,0,0,0,0,0,0,0,0,66,85,,,,
1416332415.03071,pg_catalog,pg_enum,0,0,0,0,0,0,0,0,0,0,0,0,0,0,,,,
1416332415.03071,pg_toast,pg_toast_2396,0,0,0,0,0,0,0,0,0,0,0,0,0,0,,,,
1416332415.03071,pg_catalog,pg_pltemplate,0,0,0,0,0,0,0,0,0,0,0,0,0,0,,,,
1416332415.03071,pg_toast,pg_toast_2618,0,0,491,1568,0,0,0,0,0,0,274,328,76,716,,,,
1416332415.03071,public,region,6432,32135,12,12,5,0,0,0,5,0,2,6439,4,12,,,,
1416332415.03071,pg_toast,pg_toast_3596,0,0,0,0,0,0,0,0,0,0,0,0,0,0,,,,
1416332415.03071,pg_toast,pg_toast_2606,0,0,0,0,0,0,0,0,0,0,0,0,0,0,,,,
1416332415.03071,pg_toast,pg_toast_2964,0,0,0,0,0,0,0,0,0,0,0,0,0,0,,,,
1416332415.03071,pg_toast,pg_toast_12330,0,0,0,0,0,0,0,0,0,0,0,0,0,0,,,,
1416332415.03071,pg_catalog,pg_database,610,2368,17161,17161,0,0,0,0,0,0,52,17719,316,27293,,,,
1416332415.03071,information_schema,sql_sizing_profiles,0,0,,,0,0,0,0,0,0,0,0,,,0,0,0,0
1416332415.03071,pg_toast,pg_toast_2620,0,0,0,0,0,0,0,0,0,0,0,0,0,0,,,,
1416332415.03071,pg_catalog,pg_depend,0,0,6313,6792,1159,0,1159,0,6685,9,1072,8212,1600,16536,,,,
1416332415.03071,public,orders,10,60000000,3268791,3268791,15015000,0,0,0,15015000,0,1044647,4288291,43914,9915948,,,,
1416332415.03071,pg_catalog,pg_language,0,0,0,0,0,0,0,0,0,0,0,0,0,0,,,,
1416332415.03071,pg_toast,pg_toast_12320,0,0,0,0,0,0,0,0,0,0,0,0,0,0,,,,
1416332415.03071,pg_catalog,pg_amproc,76,152,20926,32987,0,0,0,0,0,0,123,20566,220,46608,,,,
1416332415.03071,public,time_statistics,8,43,,,10,8,0,8,10,8,3,23,,,,,,
1416332415.03071,pg_catalog,pg_collation,0,0,0,0,0,0,0,0,0,0,0,0,0,0,,,,
1416332415.03071,pg_catalog,pg_range,0,0,1131,0,0,0,0,0,0,0,0,0,426,1836,,,,
1416332415.03071,pg_toast,pg_toast_2609,0,0,0,0,0,0,0,0,0,0,0,0,0,0,,,,
1416332415.03071,pg_catalog,pg_opclass,76,76,28817,323286,0,0,0,0,0,0,234,128231,470,35342,,,,
1416332415.03071,information_schema,sql_packages,0,0,,,0,0,0,0,0,0,0,0,,,0,0,0,0
1416332415.03071,pg_catalog,pg_rewrite,0,0,1167,924,81,0,81,0,110,51,595,1024,269,1725,274,328,152,1432
1416332415.03071,pg_toast,pg_toast_1255,0,0,0,0,0,0,0,0,0,0,0,0,0,0,,,,
1416332415.03071,pg_catalog,pg_seclabel,0,0,679,0,0,0,0,0,0,0,0,0,61,618,0,0,0,0
1416332415.03071,public,partsupp,6,32000000,47808,1698622,8000000,0,0,0,8000000,0,639570,2444651,33983,114320,,,,
1416332415.03071,pg_toast,pg_toast_12335,0,0,0,0,0,0,0,0,0,0,0,0,0,0,,,,
1416332415.03071,pg_catalog,pg_ts_parser,0,0,0,0,0,0,0,0,0,0,0,0,0,0,,,,
1416332415.03071,pg_catalog,pg_trigger,0,0,0,0,0,0,0,0,0,0,0,0,0,0,0,0,0,0
1416332415.03071,pg_toast,pg_toast_12340,0,0,0,0,0,0,0,0,0,0,0,0,0,0,,,,
1416332415.03071,pg_catalog,pg_shseclabel,0,0,0,0,0,0,0,0,0,0,0,0,0,0,,,,
1416332415.03071,pg_catalog,pg_event_trigger,0,0,265,0,0,0,0,0,0,0,0,0,70,195,,,,
1416332415.03071,information_schema,sql_features,0,0,,,0,0,0,0,0,0,0,0,,,0,0,0,0
1416332415.03071,information_schema,sql_languages,0,0,,,0,0,0,0,0,0,0,0,,,0,0,0,0
1416332415.03071,public,supplier,9,500000,3294516,3298559,100000,0,0,0,100000,0,4491,3312000,300,6606117,,,,
1416332415.03071,pg_catalog,pg_foreign_table,0,0,0,0,0,0,0,0,0,0,0,0,0,0,,,,
1416332415.03071,public,part,10,16000000,47,2023495,2000000,0,0,0,2000000,0,138245,409553,5661,161,,,,
1416332415.03071,pg_catalog,pg_extension,0,0,0,0,0,0,0,0,0,0,0,0,0,0,,,,
1416332415.03071,pg_catalog,pg_ts_config,0,0,0,0,0,0,0,0,0,0,0,0,0,0,,,,
1416332415.03071,pg_catalog,pg_shdescription,0,0,0,0,0,0,0,0,0,0,0,0,0,0,0,0,0,0
1416332415.03071,pg_catalog,pg_cast,0,0,158960,37811,0,0,0,0,0,0,218,37593,149,163371,,,,
1416332415.03071,pg_catalog,pg_amop,0,0,42629,62029,0,0,0,0,0,0,331,61698,721,90139,,,,
1416332415.03071,pg_catalog,pg_user_mapping,0,0,0,0,0,0,0,0,0,0,0,0,0,0,,,,
1416332415.03071,pg_toast,pg_toast_12315,0,0,0,0,0,0,0,0,0,0,0,0,0,0,,,,
1416332415.03071,pg_catalog,pg_type,0,0,112322,111201,299,0,299,0,360,101,772,111760,1123,230870,,,,
1416332415.03071,pg_catalog,pg_largeobject,0,0,0,0,0,0,0,0,0,0,0,0,0,0,,,,
1416332415.03071,information_schema,sql_parts,0,0,,,0,0,0,0,0,0,0,0,,,0,0,0,0
1416332415.03071,pg_catalog,pg_ts_config_map,0,0,0,0,0,0,0,0,0,0,0,0,0,0,,,,
1416332415.03071,pg_catalog,pg_largeobject_metadata,0,0,0,0,0,0,0,0,0,0,0,0,0,0,,,,
1416332415.03071,pg_catalog,pg_am,5100,5100,0,0,0,0,0,0,0,0,82,5018,0,0,,,,
1416332415.03071,pg_catalog,pg_ts_template,0,0,0,0,0,0,0,0,0,0,0,0,0,0,,,,
1416332415.03071,pg_catalog,pg_foreign_server,0,0,0,0,0,0,0,0,0,0,0,0,0,0,,,,
1416332415.03071,pg_catalog,pg_namespace,206,17304,26577,21870,0,0,0,0,0,0,114,22168,335,31319,,,,
1416332415.03071,pg_toast,pg_toast_2619,0,0,19623,65619,886,0,648,0,261,20,6219,26673,255,22722,,,,
1416332415.03071,pg_catalog,pg_authid,119,119,9485,9485,0,0,0,0,0,0,67,9537,322,18648,,,,
1416332415.03071,pg_catalog,pg_default_acl,0,0,604,0,0,0,0,0,0,0,0,0,64,540,,,,
1416332415.03071,pg_catalog,pg_shdepend,0,0,830,151,0,0,0,0,0,0,70,81,267,865,,,,
1416332415.03071,pg_catalog,pg_constraint,0,0,48,24,24,0,24,0,8,24,12,132,24,240,0,0,0,0
1416332415.03071,information_schema,sql_implementation_info,0,0,,,0,0,0,0,0,0,0,0,,,0,0,0,0
1416332415.03071,pg_catalog,pg_index,717,63306,55777,78191,124,0,124,0,143,0,690,77873,398,63522,,,,
1416332415.03071,pg_catalog,pg_ts_dict,0,0,0,0,0,0,0,0,0,0,0,0,0,0,,,,
1416332415.03071,pg_toast,pg_toast_2604,0,0,0,0,0,0,0,0,0,0,0,0,0,0,,,,
1416332415.03071,pg_toast,pg_toast_12325,0,0,0,0,0,0,0,0,0,0,0,0,0,0,,,,
1416332415.03071,information_schema,sql_sizing,0,0,,,0,0,0,0,0,0,0,0,,,0,0,0,0
1416332415.03071,pg_catalog,pg_proc,0,0,41924,62137,0,0,0,0,0,0,3529,41789,1826,90994,0,0,0,0
1416332475.0325,pg_catalog,pg_attrdef,0,0,0,0,0,0,0,0,0,0,0,0,0,0,0,0,0,0
1416332475.0325,pg_catalog,pg_db_role_setting,0,0,20972,0,0,0,0,0,0,0,0,0,70,20902,0,0,0,0
1416332475.0325,pg_catalog,pg_rowsecurity,0,0,0,0,0,0,0,0,0,0,0,0,0,0,,,,
1416332475.0325,pg_catalog,pg_description,0,0,679,0,0,0,0,0,0,0,0,0,188,1321,0,0,0,0
1416332475.0325,pg_catalog,pg_foreign_data_wrapper,0,0,0,0,0,0,0,0,0,0,0,0,0,0,,,,
1416332475.0325,pg_catalog,pg_conversion,0,0,0,0,0,0,0,0,0,0,0,0,0,0,,,,
1416332475.0325,public,customer,11,10500000,41,299472,1500000,0,0,0,1500000,0,103811,439995,846,145,,,,
1416332475.0325,pg_catalog,pg_class,2021,452128,118547,107878,275,81,275,79,337,107,1484,130248,1130,248082,,,,
1416332475.0325,pg_catalog,pg_opfamily,0,0,0,0,0,0,0,0,0,0,0,0,0,0,,,,
1416332475.0325,pg_catalog,pg_auth_members,0,0,0,0,0,0,0,0,0,0,0,0,0,0,,,,
1416332475.0325,pg_catalog,pg_operator,0,0,36497,191288,0,0,0,0,0,0,1118,132230,932,79086,,,,
1416332475.0325,public,nation,18,175,25756,25756,25,0,0,0,25,0,4,25761,8,25761,,,,
1416332475.0325,pg_toast,pg_toast_12345,0,0,0,0,0,0,0,0,0,0,0,0,0,0,,,,
1416332475.0325,public,lineitem,15,659965806,539420,26010715,60045669,0,0,0,60045389,0,11439120,21505208,279640,3399811,,,,
1416332475.0325,pg_catalog,pg_attribute,418,2850,97399,220263,1016,30,1016,30,2514,350,3679,108218,897,203602,,,,
1416332475.0325,pg_catalog,pg_tablespace,0,0,3382,3382,0,0,0,0,0,0,105,3277,218,6562,,,,
1416332475.0325,pg_catalog,pg_statistic,0,0,26774,25762,235,608,238,565,464,77,2726,24822,331,57253,6229,26701,255,22756
1416332475.0325,pg_catalog,pg_aggregate,0,0,2539,2539,0,0,0,0,0,0,187,2352,423,4003,,,,
1416332475.0325,pg_catalog,pg_inherits,0,0,151,0,0,0,0,0,0,0,0,0,66,85,,,,
1416332475.0325,pg_catalog,pg_enum,0,0,0,0,0,0,0,0,0,0,0,0,0,0,,,,
1416332475.0325,pg_toast,pg_toast_2396,0,0,0,0,0,0,0,0,0,0,0,0,0,0,,,,
1416332475.0325,pg_catalog,pg_pltemplate,0,0,0,0,0,0,0,0,0,0,0,0,0,0,,,,
1416332475.0325,pg_toast,pg_toast_2618,0,0,496,1584,0,0,0,0,0,0,279,329,77,723,,,,
1416332475.0325,public,region,6433,32140,14,14,5,0,0,0,5,0,3,6441,6,13,,,,
1416332475.0325,pg_toast,pg_toast_3596,0,0,0,0,0,0,0,0,0,0,0,0,0,0,,,,
1416332475.0325,pg_toast,pg_toast_2606,0,0,0,0,0,0,0,0,0,0,0,0,0,0,,,,
1416332475.0325,pg_toast,pg_toast_2964,0,0,0,0,0,0,0,0,0,0,0,0,0,0,,,,
1416332475.0325,pg_toast,pg_toast_12330,0,0,0,0,0,0,0,0,0,0,0,0,0,0,,,,
1416332475.0325,pg_catalog,pg_database,613,2380,17208,17208,0,0,0,0,0,0,52,17769,316,27366,,,,
1416332475.0325,information_schema,sql_sizing_profiles,0,0,,,0,0,0,0,0,0,0,0,,,0,0,0,0
1416332475.0325,pg_toast,pg_toast_2620,0,0,0,0,0,0,0,0,0,0,0,0,0,0,,,,
1416332475.0325,pg_catalog,pg_depend,0,0,6313,6792,1159,0,1159,0,6685,9,1072,8212,1600,16536,,,,
1416332475.0325,public,orders,11,75015000,3679305,3679305,15015000,0,0,0,15015000,0,1309188,4687786,85120,11108514,,,,
1416332475.0325,pg_catalog,pg_language,0,0,0,0,0,0,0,0,0,0,0,0,0,0,,,,
1416332475.0325,pg_toast,pg_toast_12320,0,0,0,0,0,0,0,0,0,0,0,0,0,0,,,,
1416332475.0325,pg_catalog,pg_amproc,76,152,20970,33055,0,0,0,0,0,0,123,20610,220,46708,,,,
1416332475.0325,public,time_statistics,10,64,,,12,10,0,10,12,10,3,29,,,,,,
1416332475.0325,pg_catalog,pg_collation,0,0,0,0,0,0,0,0,0,0,0,0,0,0,,,,
1416332475.0325,pg_catalog,pg_range,0,0,1134,0,0,0,0,0,0,0,0,0,426,1842,,,,
1416332475.0325,pg_toast,pg_toast_2609,0,0,0,0,0,0,0,0,0,0,0,0,0,0,,,,
1416332475.0325,pg_catalog,pg_opclass,76,76,28871,323912,0,0,0,0,0,0,234,128477,470,35413,,,,
1416332475.0325,information_schema,sql_packages,0,0,,,0,0,0,0,0,0,0,0,,,0,0,0,0
1416332475.0325,pg_catalog,pg_rewrite,0,0,1174,931,81,0,81,0,110,51,600,1026,269,1737,279,329,154,1446
1416332475.0325,pg_toast,pg_toast_1255,0,0,0,0,0,0,0,0,0,0,0,0,0,0,,,,
1416332475.0325,pg_catalog,pg_seclabel,0,0,679,0,0,0,0,0,0,0,0,0,61,618,0,0,0,0
1416332475.0325,public,partsupp,6,32000000,47808,1698622,8000000,0,0,0,8000000,0,639570,2444651,33983,114320,,,,
1416332475.0325,pg_toast,pg_toast_12335,0,0,0,0,0,0,0,0,0,0,0,0,0,0,,,,
1416332475.0325,pg_catalog,pg_ts_parser,0,0,0,0,0,0,0,0,0,0,0,0,0,0,,,,
1416332475.0325,pg_catalog,pg_trigger,0,0,0,0,0,0,0,0,0,0,0,0,0,0,0,0,0,0
1416332475.0325,pg_toast,pg_toast_12340,0,0,0,0,0,0,0,0,0,0,0,0,0,0,,,,
1416332475.0325,pg_catalog,pg_shseclabel,0,0,0,0,0,0,0,0,0,0,0,0,0,0,,,,
1416332475.0325,pg_catalog,pg_event_trigger,0,0,265,0,0,0,0,0,0,0,0,0,70,195,,,,
1416332475.0325,information_schema,sql_features,0,0,,,0,0,0,0,0,0,0,0,,,0,0,0,0
1416332475.0325,information_schema,sql_languages,0,0,,,0,0,0,0,0,0,0,0,,,0,0,0,0
1416332475.0325,public,supplier,9,500000,3319343,3323386,100000,0,0,0,100000,0,6594,3334724,578,6655654,,,,
1416332475.0325,pg_catalog,pg_foreign_table,0,0,0,0,0,0,0,0,0,0,0,0,0,0,,,,
1416332475.0325,public,part,10,16000000,52,2037199,2000000,0,0,0,2000000,0,149916,409567,5747,178,,,,
1416332475.0325,pg_catalog,pg_extension,0,0,0,0,0,0,0,0,0,0,0,0,0,0,,,,
1416332475.0325,pg_catalog,pg_ts_config,0,0,0,0,0,0,0,0,0,0,0,0,0,0,,,,
1416332475.0325,pg_catalog,pg_shdescription,0,0,0,0,0,0,0,0,0,0,0,0,0,0,0,0,0,0
1416332475.0325,pg_catalog,pg_cast,0,0,159322,37890,0,0,0,0,0,0,218,37672,149,163744,,,,
1416332475.0325,pg_catalog,pg_amop,0,0,42716,62154,0,0,0,0,0,0,331,61823,721,90327,,,,
1416332475.0325,pg_catalog,pg_user_mapping,0,0,0,0,0,0,0,0,0,0,0,0,0,0,,,,
1416332475.0325,pg_toast,pg_toast_12315,0,0,0,0,0,0,0,0,0,0,0,0,0,0,,,,
1416332475.0325,pg_catalog,pg_type,0,0,112602,111481,299,0,299,0,360,101,772,112040,1127,231438,,,,
1416332475.0325,pg_catalog,pg_largeobject,0,0,0,0,0,0,0,0,0,0,0,0,0,0,,,,
1416332475.0325,information_schema,sql_parts,0,0,,,0,0,0,0,0,0,0,0,,,0,0,0,0
1416332475.0325,pg_catalog,pg_ts_config_map,0,0,0,0,0,0,0,0,0,0,0,0,0,0,,,,
1416332475.0325,pg_catalog,pg_largeobject_metadata,0,0,0,0,0,0,0,0,0,0,0,0,0,0,,,,
1416332475.0325,pg_catalog,pg_am,5112,5112,0,0,0,0,0,0,0,0,82,5030,0,0,,,,
1416332475.0325,pg_catalog,pg_ts_template,0,0,0,0,0,0,0,0,0,0,0,0,0,0,,,,
1416332475.0325,pg_catalog,pg_foreign_server,0,0,0,0,0,0,0,0,0,0,0,0,0,0,,,,
1416332475.0325,pg_catalog,pg_namespace,208,17472,26752,22034,0,0,0,0,0,0,115,22335,336,31506,,,,
1416332475.0325,pg_toast,pg_toast_2619,0,0,19652,65704,886,0,648,0,261,20,6229,26701,255,22756,,,,
1416332475.0325,pg_catalog,pg_authid,120,120,9507,9507,0,0,0,0,0,0,67,9560,322,18692,,,,
1416332475.0325,pg_catalog,pg_default_acl,0,0,604,0,0,0,0,0,0,0,0,0,64,540,,,,
1416332475.0325,pg_catalog,pg_shdepend,0,0,830,151,0,0,0,0,0,0,70,81,267,865,,,,
1416332475.0325,pg_catalog,pg_constraint,0,0,48,24,24,0,24,0,8,24,12,132,24,240,0,0,0,0
1416332475.0325,information_schema,sql_implementation_info,0,0,,,0,0,0,0,0,0,0,0,,,0,0,0,0
1416332475.0325,pg_catalog,pg_index,722,64021,55885,78344,124,0,124,0,143,0,690,78048,398,63649,,,,
1416332475.0325,pg_catalog,pg_ts_dict,0,0,0,0,0,0,0,0,0,0,0,0,0,0,,,,
1416332475.0325,pg_toast,pg_toast_2604,0,0,0,0,0,0,0,0,0,0,0,0,0,0,,,,
1416332475.0325,pg_toast,pg_toast_12325,0,0,0,0,0,0,0,0,0,0,0,0,0,0,,,,
1416332475.0325,information_schema,sql_sizing,0,0,,,0,0,0,0,0,0,0,0,,,0,0,0,0
1416332475.0325,pg_catalog,pg_proc,0,0,42052,62321,0,0,0,0,0,0,3535,41935,1826,91272,0,0,0,0
1416332535.03732,pg_catalog,pg_attrdef,0,0,0,0,0,0,0,0,0,0,0,0,0,0,0,0,0,0
1416332535.03732,pg_catalog,pg_db_role_setting,0,0,21024,0,0,0,0,0,0,0,0,0,70,20954,0,0,0,0
1416332535.03732,pg_catalog,pg_rowsecurity,0,0,0,0,0,0,0,0,0,0,0,0,0,0,,,,
1416332535.03732,pg_catalog,pg_description,0,0,679,0,0,0,0,0,0,0,0,0,188,1321,0,0,0,0
1416332535.03732,pg_catalog,pg_foreign_data_wrapper,0,0,0,0,0,0,0,0,0,0,0,0,0,0,,,,
1416332535.03732,pg_catalog,pg_conversion,0,0,0,0,0,0,0,0,0,0,0,0,0,0,,,,
1416332535.03732,public,customer,12,12000000,43,299474,1500000,0,0,0,1500000,0,126211,452875,855,147,,,,
1416332535.03732,pg_catalog,pg_class,2031,455178,118978,108299,275,81,275,79,337,107,1485,130799,1132,248970,,,,
1416332535.03732,pg_catalog,pg_opfamily,0,0,0,0,0,0,0,0,0,0,0,0,0,0,,,,
1416332535.03732,pg_catalog,pg_auth_members,0,0,0,0,0,0,0,0,0,0,0,0,0,0,,,,
1416332535.03732,pg_catalog,pg_operator,0,0,36542,191455,0,0,0,0,0,0,1118,132347,932,79192,,,,
1416332535.03732,public,nation,19,200,25758,25758,25,0,0,0,25,0,4,25764,8,25764,,,,
1416332535.03732,pg_toast,pg_toast_12345,0,0,0,0,0,0,0,0,0,0,0,0,0,0,,,,
1416332535.03732,public,lineitem,15,659965806,2016256,65823528,60045669,0,0,0,60045389,0,12249628,23342046,546735,9149162,,,,
1416332535.03732,pg_catalog,pg_attribute,418,2850,97672,220761,1016,30,1016,30,2514,350,3682,108501,897,204162,,,,
1416332535.03732,pg_catalog,pg_tablespace,0,0,3391,3391,0,0,0,0,0,0,105,3286,218,6580,,,,
1416332535.03732,pg_catalog,pg_statistic,0,0,26824,25800,235,608,238,565,464,77,2736,24850,331,57362,6239,26719,255,22781
1416332535.03732,pg_catalog,pg_aggregate,0,0,2543,2543,0,0,0,0,0,0,187,2356,423,4010,,,,
1416332535.03732,pg_catalog,pg_inherits,0,0,151,0,0,0,0,0,0,0,0,0,66,85,,,,
1416332535.03732,pg_catalog,pg_enum,0,0,0,0,0,0,0,0,0,0,0,0,0,0,,,,
1416332535.03732,pg_toast,pg_toast_2396,0,0,0,0,0,0,0,0,0,0,0,0,0,0,,,,
1416332535.03732,pg_catalog,pg_pltemplate,0,0,0,0,0,0,0,0,0,0,0,0,0,0,,,,
1416332535.03732,pg_toast,pg_toast_2618,0,0,501,1600,0,0,0,0,0,0,284,330,78,730,,,,
1416332535.03732,public,region,6433,32140,14,14,5,0,0,0,5,0,3,6441,6,13,,,,
1416332535.03732,pg_toast,pg_toast_3596,0,0,0,0,0,0,0,0,0,0,0,0,0,0,,,,
1416332535.03732,pg_toast,pg_toast_2606,0,0,0,0,0,0,0,0,0,0,0,0,0,0,,,,
1416332535.03732,pg_toast,pg_toast_2964,0,0,0,0,0,0,0,0,0,0,0,0,0,0,,,,
1416332535.03732,pg_toast,pg_toast_12330,0,0,0,0,0,0,0,0,0,0,0,0,0,0,,,,
1416332535.03732,pg_catalog,pg_database,616,2392,17255,17255,0,0,0,0,0,0,52,17819,316,27439,,,,
1416332535.03732,information_schema,sql_sizing_profiles,0,0,,,0,0,0,0,0,0,0,0,,,0,0,0,0
1416332535.03732,pg_toast,pg_toast_2620,0,0,0,0,0,0,0,0,0,0,0,0,0,0,,,,
1416332535.03732,pg_catalog,pg_depend,0,0,6313,6792,1159,0,1159,0,6685,9,1072,8212,1600,16536,,,,
1416332535.03732,public,orders,12,90030000,5235078,5235078,15015000,0,0,0,15015000,0,1422332,6383937,85164,15784269,,,,
1416332535.03732,pg_catalog,pg_language,0,0,0,0,0,0,0,0,0,0,0,0,0,0,,,,
1416332535.03732,pg_toast,pg_toast_12320,0,0,0,0,0,0,0,0,0,0,0,0,0,0,,,,
1416332535.03732,pg_catalog,pg_amproc,76,152,21011,33118,0,0,0,0,0,0,123,20650,220,46802,,,,
1416332535.03732,public,time_statistics,12,89,,,14,12,0,12,14,12,3,35,,,,,,
1416332535.03732,pg_catalog,pg_collation,0,0,0,0,0,0,0,0,0,0,0,0,0,0,,,,
1416332535.03732,pg_catalog,pg_range,0,0,1136,0,0,0,0,0,0,0,0,0,428,1844,,,,
1416332535.03732,pg_toast,pg_toast_2609,0,0,0,0,0,0,0,0,0,0,0,0,0,0,,,,
1416332535.03732,pg_catalog,pg_opclass,76,76,28920,324452,0,0,0,0,0,0,234,128690,470,35479,,,,
1416332535.03732,information_schema,sql_packages,0,0,,,0,0,0,0,0,0,0,0,,,0,0,0,0
1416332535.03732,pg_catalog,pg_rewrite,0,0,1181,938,81,0,81,0,110,51,605,1028,269,1749,284,330,156,1460
1416332535.03732,pg_toast,pg_toast_1255,0,0,0,0,0,0,0,0,0,0,0,0,0,0,,,,
1416332535.03732,pg_catalog,pg_seclabel,0,0,679,0,0,0,0,0,0,0,0,0,61,618,0,0,0,0
1416332535.03732,public,partsupp,6,32000000,47808,1698622,8000000,0,0,0,8000000,0,639570,2444651,33983,114320,,,,
1416332535.03732,pg_toast,pg_toast_12335,0,0,0,0,0,0,0,0,0,0,0,0,0,0,,,,
1416332535.03732,pg_catalog,pg_ts_parser,0,0,0,0,0,0,0,0,0,0,0,0,0,0,,,,
1416332535.03732,pg_catalog,pg_trigger,0,0,0,0,0,0,0,0,0,0,0,0,0,0,0,0,0,0
1416332535.03732,pg_toast,pg_toast_12340,0,0,0,0,0,0,0,0,0,0,0,0,0,0,,,,
1416332535.03732,pg_catalog,pg_shseclabel,0,0,0,0,0,0,0,0,0,0,0,0,0,0,,,,
1416332535.03732,pg_catalog,pg_event_trigger,0,0,265,0,0,0,0,0,0,0,0,0,70,195,,,,
1416332535.03732,information_schema,sql_features,0,0,,,0,0,0,0,0,0,0,0,,,0,0,0,0
1416332535.03732,information_schema,sql_languages,0,0,,,0,0,0,0,0,0,0,0,,,0,0,0,0
1416332535.03732,public,supplier,9,500000,3319348,3327485,100000,0,0,0,100000,0,6594,3336564,591,6655665,,,,
1416332535.03732,pg_catalog,pg_foreign_table,0,0,0,0,0,0,0,0,0,0,0,0,0,0,,,,
1416332535.03732,public,part,10,16000000,52,2037199,2000000,0,0,0,2000000,0,149916,409567,5747,178,,,,
1416332535.03732,pg_catalog,pg_extension,0,0,0,0,0,0,0,0,0,0,0,0,0,0,,,,
1416332535.03732,pg_catalog,pg_ts_config,0,0,0,0,0,0,0,0,0,0,0,0,0,0,,,,
1416332535.03732,pg_catalog,pg_shdescription,0,0,0,0,0,0,0,0,0,0,0,0,0,0,0,0,0,0
1416332535.03732,pg_catalog,pg_cast,0,0,159545,37953,0,0,0,0,0,0,218,37735,149,163978,,,,
1416332535.03732,pg_catalog,pg_amop,0,0,42792,62261,0,0,0,0,0,0,331,61930,721,90493,,,,
1416332535.03732,pg_catalog,pg_user_mapping,0,0,0,0,0,0,0,0,0,0,0,0,0,0,,,,
1416332535.03732,pg_toast,pg_toast_12315,0,0,0,0,0,0,0,0,0,0,0,0,0,0,,,,
1416332535.03732,pg_catalog,pg_type,0,0,112813,111690,299,0,299,0,360,101,772,112249,1130,231869,,,,
1416332535.03732,pg_catalog,pg_largeobject,0,0,0,0,0,0,0,0,0,0,0,0,0,0,,,,
1416332535.03732,information_schema,sql_parts,0,0,,,0,0,0,0,0,0,0,0,,,0,0,0,0
1416332535.03732,pg_catalog,pg_ts_config_map,0,0,0,0,0,0,0,0,0,0,0,0,0,0,,,,
1416332535.03732,pg_catalog,pg_largeobject_metadata,0,0,0,0,0,0,0,0,0,0,0,0,0,0,,,,
1416332535.03732,pg_catalog,pg_am,5124,5124,0,0,0,0,0,0,0,0,82,5042,0,0,,,,
1416332535.03732,pg_catalog,pg_ts_template,0,0,0,0,0,0,0,0,0,0,0,0,0,0,,,,
1416332535.03732,pg_catalog,pg_foreign_server,0,0,0,0,0,0,0,0,0,0,0,0,0,0,,,,
1416332535.03732,pg_catalog,pg_namespace,210,17640,26926,22197,0,0,0,0,0,0,116,22501,337,31692,,,,
1416332535.03732,pg_toast,pg_toast_2619,0,0,19672,65768,886,0,648,0,261,20,6239,26719,255,22781,,,,
1416332535.03732,pg_catalog,pg_authid,121,121,9529,9529,0,0,0,0,0,0,67,9583,322,18736,,,,
1416332535.03732,pg_catalog,pg_default_acl,0,0,604,0,0,0,0,0,0,0,0,0,64,540,,,,
1416332535.03732,pg_catalog,pg_shdepend,0,0,830,151,0,0,0,0,0,0,70,81,267,865,,,,
1416332535.03732,pg_catalog,pg_constraint,0,0,48,24,24,0,24,0,8,24,12,132,24,240,0,0,0,0
1416332535.03732,information_schema,sql_implementation_info,0,0,,,0,0,0,0,0,0,0,0,,,0,0,0,0
1416332535.03732,pg_catalog,pg_index,727,64736,55970,78459,124,0,124,0,143,0,690,78185,398,63753,,,,
1416332535.03732,pg_catalog,pg_ts_dict,0,0,0,0,0,0,0,0,0,0,0,0,0,0,,,,
1416332535.03732,pg_toast,pg_toast_2604,0,0,0,0,0,0,0,0,0,0,0,0,0,0,,,,
1416332535.03732,pg_toast,pg_toast_12325,0,0,0,0,0,0,0,0,0,0,0,0,0,0,,,,
1416332535.03732,information_schema,sql_sizing,0,0,,,0,0,0,0,0,0,0,0,,,0,0,0,0
1416332535.03732,pg_catalog,pg_proc,0,0,42167,62473,0,0,0,0,0,0,3547,42058,1828,91522,0,0,0,0
1416332595.03885,pg_catalog,pg_attrdef,0,0,0,0,0,0,0,0,0,0,0,0,0,0,0,0,0,0
1416332595.03885,pg_catalog,pg_db_role_setting,0,0,21124,0,0,0,0,0,0,0,0,0,70,21054,0,0,0,0
1416332595.03885,pg_catalog,pg_rowsecurity,0,0,0,0,0,0,0,0,0,0,0,0,0,0,,,,
1416332595.03885,pg_catalog,pg_description,0,0,683,0,0,0,0,0,0,0,0,0,191,1327,0,0,0,0
1416332595.03885,pg_catalog,pg_foreign_data_wrapper,0,0,0,0,0,0,0,0,0,0,0,0,0,0,,,,
1416332595.03885,pg_catalog,pg_conversion,0,0,0,0,0,0,0,0,0,0,0,0,0,0,,,,
1416332595.03885,public,customer,12,12000000,64,1171679,1500000,0,0,0,1500000,0,126211,558613,3597,192,,,,
1416332595.03885,pg_catalog,pg_class,2041,458228,119583,108874,276,82,276,80,337,109,1488,131509,1136,250236,,,,
1416332595.03885,pg_catalog,pg_opfamily,0,0,0,0,0,0,0,0,0,0,0,0,0,0,,,,
1416332595.03885,pg_catalog,pg_auth_members,0,0,0,0,0,0,0,0,0,0,0,0,0,0,,,,
1416332595.03885,pg_catalog,pg_operator,0,0,36663,192102,0,0,0,0,0,0,1118,132790,934,79466,,,,
1416332595.03885,public,nation,21,250,25762,25762,25,0,0,0,25,0,5,25769,10,25767,,,,
1416332595.03885,pg_toast,pg_toast_12345,0,0,0,0,0,0,0,0,0,0,0,0,0,0,,,,
1416332595.03885,public,lineitem,16,720011475,2590513,70841092,60045669,0,0,0,60045389,0,14214670,24275533,662378,11344430,,,,
1416332595.03885,pg_catalog,pg_attribute,418,2850,98109,221644,1018,30,1018,30,2514,352,3691,108962,902,205068,,,,
1416332595.03885,pg_catalog,pg_tablespace,0,0,3408,3408,0,0,0,0,0,0,105,3303,218,6614,,,,
1416332595.03885,pg_catalog,pg_statistic,0,0,26922,25871,235,608,238,565,464,77,2739,24918,332,57575,6279,26757,255,22842
1416332595.03885,pg_catalog,pg_aggregate,0,0,2553,2553,0,0,0,0,0,0,187,2366,423,4027,,,,
1416332595.03885,pg_catalog,pg_inherits,0,0,152,0,0,0,0,0,0,0,0,0,67,85,,,,
1416332595.03885,pg_catalog,pg_enum,0,0,0,0,0,0,0,0,0,0,0,0,0,0,,,,
1416332595.03885,pg_toast,pg_toast_2396,0,0,0,0,0,0,0,0,0,0,0,0,0,0,,,,
1416332595.03885,pg_catalog,pg_pltemplate,0,0,0,0,0,0,0,0,0,0,0,0,0,0,,,,
1416332595.03885,pg_toast,pg_toast_2618,0,0,507,1618,0,0,0,0,0,0,285,336,79,739,,,,
1416332595.03885,public,region,6433,32140,14,14,5,0,0,0,5,0,3,6441,6,13,,,,
1416332595.03885,pg_toast,pg_toast_3596,0,0,0,0,0,0,0,0,0,0,0,0,0,0,,,,
1416332595.03885,pg_toast,pg_toast_2606,0,0,0,0,0,0,0,0,0,0,0,0,0,0,,,,
1416332595.03885,pg_toast,pg_toast_2964,0,0,0,0,0,0,0,0,0,0,0,0,0,0,,,,
1416332595.03885,pg_toast,pg_toast_12330,0,0,0,0,0,0,0,0,0,0,0,0,0,0,,,,
1416332595.03885,pg_catalog,pg_database,619,2404,17338,17338,0,0,0,0,0,0,52,17905,316,27572,,,,
1416332595.03885,information_schema,sql_sizing_profiles,0,0,,,0,0,0,0,0,0,0,0,,,0,0,0,0
1416332595.03885,pg_toast,pg_toast_2620,0,0,0,0,0,0,0,0,0,0,0,0,0,0,,,,
1416332595.03885,pg_catalog,pg_depend,0,0,6357,6844,1168,0,1168,0,6685,18,1087,8259,1621,16641,,,,
1416332595.03885,public,orders,14,120060000,5235083,5809333,15015000,0,0,0,15015000,0,1422332,7119171,86734,15784290,,,,
1416332595.03885,pg_catalog,pg_language,0,0,0,0,0,0,0,0,0,0,0,0,0,0,,,,
1416332595.03885,pg_toast,pg_toast_12320,0,0,0,0,0,0,0,0,0,0,0,0,0,0,,,,
1416332595.03885,pg_catalog,pg_amproc,76,152,21099,33251,0,0,0,0,0,0,123,20736,220,47002,,,,
1416332595.03885,public,time_statistics,18,188,,,20,18,0,18,20,18,3,53,,,,,,
1416332595.03885,pg_catalog,pg_collation,0,0,0,0,0,0,0,0,0,0,0,0,0,0,,,,
1416332595.03885,pg_catalog,pg_range,0,0,1142,0,0,0,0,0,0,0,0,0,428,1856,,,,
1416332595.03885,pg_toast,pg_toast_2609,0,0,0,0,0,0,0,0,0,0,0,0,0,0,,,,
1416332595.03885,pg_catalog,pg_opclass,76,76,29028,325699,0,0,0,0,0,0,234,129186,470,35620,,,,
1416332595.03885,information_schema,sql_packages,0,0,,,0,0,0,0,0,0,0,0,,,0,0,0,0
1416332595.03885,pg_catalog,pg_rewrite,0,0,1195,949,82,0,82,0,110,52,610,1040,271,1771,285,336,158,1478
1416332595.03885,pg_toast,pg_toast_1255,0,0,0,0,0,0,0,0,0,0,0,0,0,0,,,,
1416332595.03885,pg_catalog,pg_seclabel,0,0,683,0,0,0,0,0,0,0,0,0,62,621,0,0,0,0
1416332595.03885,public,partsupp,7,40000000,55798,2337032,8000000,0,0,0,8000000,0,858297,3035292,38559,135598,,,,
1416332595.03885,pg_toast,pg_toast_12335,0,0,0,0,0,0,0,0,0,0,0,0,0,0,,,,
1416332595.03885,pg_catalog,pg_ts_parser,0,0,0,0,0,0,0,0,0,0,0,0,0,0,,,,
1416332595.03885,pg_catalog,pg_trigger,0,0,0,0,0,0,0,0,0,0,0,0,0,0,0,0,0,0
1416332595.03885,pg_toast,pg_toast_12340,0,0,0,0,0,0,0,0,0,0,0,0,0,0,,,,
1416332595.03885,pg_catalog,pg_shseclabel,0,0,0,0,0,0,0,0,0,0,0,0,0,0,,,,
1416332595.03885,pg_catalog,pg_event_trigger,0,0,266,0,0,0,0,0,0,0,0,0,71,195,,,,
1416332595.03885,information_schema,sql_features,0,0,,,0,0,0,0,0,0,0,0,,,0,0,0,0
1416332595.03885,information_schema,sql_languages,0,0,,,0,0,0,0,0,0,0,0,,,0,0,0,0
1416332595.03885,public,supplier,9,500000,3319360,3365519,100000,0,0,0,100000,0,9098,3338576,695,6655696,,,,
1416332595.03885,pg_catalog,pg_foreign_table,0,0,0,0,0,0,0,0,0,0,0,0,0,0,,,,
1416332595.03885,public,part,10,16000000,62,2357144,2000000,0,0,0,2000000,0,190431,409569,6643,189,,,,
1416332595.03885,pg_catalog,pg_extension,0,0,0,0,0,0,0,0,0,0,0,0,0,0,,,,
1416332595.03885,pg_catalog,pg_ts_config,0,0,0,0,0,0,0,0,0,0,0,0,0,0,,,,
1416332595.03885,pg_catalog,pg_shdescription,0,0,0,0,0,0,0,0,0,0,0,0,0,0,0,0,0,0
1416332595.03885,pg_catalog,pg_cast,0,0,160207,38108,0,0,0,0,0,0,218,37890,149,164664,,,,
1416332595.03885,pg_catalog,pg_amop,0,0,42953,62498,0,0,0,0,0,0,331,62167,722,90842,,,,
1416332595.03885,pg_catalog,pg_user_mapping,0,0,0,0,0,0,0,0,0,0,0,0,0,0,,,,
1416332595.03885,pg_toast,pg_toast_12315,0,0,0,0,0,0,0,0,0,0,0,0,0,0,,,,
1416332595.03885,pg_catalog,pg_type,0,0,113355,112225,301,0,301,0,360,103,777,112788,1133,232986,,,,
1416332595.03885,pg_catalog,pg_largeobject,0,0,0,0,0,0,0,0,0,0,0,0,0,0,,,,
1416332595.03885,information_schema,sql_parts,0,0,,,0,0,0,0,0,0,0,0,,,0,0,0,0
1416332595.03885,pg_catalog,pg_ts_config_map,0,0,0,0,0,0,0,0,0,0,0,0,0,0,,,,
1416332595.03885,pg_catalog,pg_largeobject_metadata,0,0,0,0,0,0,0,0,0,0,0,0,0,0,,,,
1416332595.03885,pg_catalog,pg_am,5148,5148,0,0,0,0,0,0,0,0,82,5066,0,0,,,,
1416332595.03885,pg_catalog,pg_ts_template,0,0,0,0,0,0,0,0,0,0,0,0,0,0,,,,
1416332595.03885,pg_catalog,pg_foreign_server,0,0,0,0,0,0,0,0,0,0,0,0,0,0,,,,
1416332595.03885,pg_catalog,pg_namespace,212,17808,27138,22385,0,0,0,0,0,0,116,22693,337,31931,,,,
1416332595.03885,pg_toast,pg_toast_2619,0,0,19724,65947,886,0,648,0,261,20,6279,26757,255,22842,,,,
1416332595.03885,pg_catalog,pg_authid,122,122,9575,9575,0,0,0,0,0,0,67,9630,322,18828,,,,
1416332595.03885,pg_catalog,pg_default_acl,0,0,608,0,0,0,0,0,0,0,0,0,65,543,,,,
1416332595.03885,pg_catalog,pg_shdepend,0,0,835,152,0,0,0,0,0,0,71,81,271,868,,,,
1416332595.03885,pg_catalog,pg_constraint,0,0,48,24,24,0,24,0,8,24,12,132,24,240,0,0,0,0
1416332595.03885,information_schema,sql_implementation_info,0,0,,,0,0,0,0,0,0,0,0,,,0,0,0,0
1416332595.03885,pg_catalog,pg_index,732,65451,56146,78703,124,0,124,0,143,0,690,78444,398,63965,,,,
1416332595.03885,pg_catalog,pg_ts_dict,0,0,0,0,0,0,0,0,0,0,0,0,0,0,,,,
1416332595.03885,pg_toast,pg_toast_2604,0,0,0,0,0,0,0,0,0,0,0,0,0,0,,,,
1416332595.03885,pg_toast,pg_toast_12325,0,0,0,0,0,0,0,0,0,0,0,0,0,0,,,,
1416332595.03885,information_schema,sql_sizing,0,0,,,0,0,0,0,0,0,0,0,,,0,0,0,0
1416332595.03885,pg_catalog,pg_proc,0,0,42375,62783,0,0,0,0,0,0,3556,42285,1833,91981,0,0,0,0
1416332655.04207,pg_catalog,pg_attrdef,0,0,0,0,0,0,0,0,0,0,0,0,0,0,0,0,0,0
1416332655.04207,pg_catalog,pg_db_role_setting,0,0,21152,0,0,0,0,0,0,0,0,0,70,21082,0,0,0,0
1416332655.04207,pg_catalog,pg_rowsecurity,0,0,0,0,0,0,0,0,0,0,0,0,0,0,,,,
1416332655.04207,pg_catalog,pg_description,0,0,683,0,0,0,0,0,0,0,0,0,191,1327,0,0,0,0
1416332655.04207,pg_catalog,pg_foreign_data_wrapper,0,0,0,0,0,0,0,0,0,0,0,0,0,0,,,,
1416332655.04207,pg_catalog,pg_conversion,0,0,0,0,0,0,0,0,0,0,0,0,0,0,,,,
1416332655.04207,public,customer,12,12000000,64,1171679,1500000,0,0,0,1500000,0,126211,558613,3597,192,,,,
1416332655.04207,pg_catalog,pg_class,2051,461278,119925,109216,276,82,276,80,337,109,1489,131981,1137,250934,,,,
1416332655.04207,pg_catalog,pg_opfamily,0,0,0,0,0,0,0,0,0,0,0,0,0,0,,,,
1416332655.04207,pg_catalog,pg_auth_members,0,0,0,0,0,0,0,0,0,0,0,0,0,0,,,,
1416332655.04207,pg_catalog,pg_operator,0,0,36679,192118,0,0,0,0,0,0,1118,132806,934,79505,,,,
1416332655.04207,public,nation,21,250,25762,25762,25,0,0,0,25,0,5,25769,10,25767,,,,
1416332655.04207,pg_toast,pg_toast_12345,0,0,0,0,0,0,0,0,0,0,0,0,0,0,,,,
1416332655.04207,public,lineitem,16,720011475,2590513,70841092,60045669,0,0,0,60045389,0,14214670,24275533,662378,11344430,,,,
1416332655.04207,pg_catalog,pg_attribute,418,2850,98297,221944,1018,30,1018,30,2514,352,3700,109148,902,205450,,,,
1416332655.04207,pg_catalog,pg_tablespace,0,0,3413,3413,0,0,0,0,0,0,105,3308,218,6624,,,,
1416332655.04207,pg_catalog,pg_statistic,0,0,26943,25888,235,608,238,565,464,77,2746,24928,333,57620,6280,26759,255,22848
1416332655.04207,pg_catalog,pg_aggregate,0,0,2554,2554,0,0,0,0,0,0,187,2367,423,4029,,,,
1416332655.04207,pg_catalog,pg_inherits,0,0,152,0,0,0,0,0,0,0,0,0,67,85,,,,
1416332655.04207,pg_catalog,pg_enum,0,0,0,0,0,0,0,0,0,0,0,0,0,0,,,,
1416332655.04207,pg_toast,pg_toast_2396,0,0,0,0,0,0,0,0,0,0,0,0,0,0,,,,
1416332655.04207,pg_catalog,pg_pltemplate,0,0,0,0,0,0,0,0,0,0,0,0,0,0,,,,
1416332655.04207,pg_toast,pg_toast_2618,0,0,511,1632,0,0,0,0,0,0,289,337,80,744,,,,
1416332655.04207,public,region,6433,32140,14,14,5,0,0,0,5,0,3,6441,6,13,,,,
1416332655.04207,pg_toast,pg_toast_3596,0,0,0,0,0,0,0,0,0,0,0,0,0,0,,,,
1416332655.04207,pg_toast,pg_toast_2606,0,0,0,0,0,0,0,0,0,0,0,0,0,0,,,,
1416332655.04207,pg_toast,pg_toast_2964,0,0,0,0,0,0,0,0,0,0,0,0,0,0,,,,
1416332655.04207,pg_toast,pg_toast_12330,0,0,0,0,0,0,0,0,0,0,0,0,0,0,,,,
1416332655.04207,pg_catalog,pg_database,622,2416,17367,17367,0,0,0,0,0,0,52,17937,316,27615,,,,
1416332655.04207,information_schema,sql_sizing_profiles,0,0,,,0,0,0,0,0,0,0,0,,,0,0,0,0
1416332655.04207,pg_toast,pg_toast_2620,0,0,0,0,0,0,0,0,0,0,0,0,0,0,,,,
1416332655.04207,pg_catalog,pg_depend,0,0,6357,6844,1168,0,1168,0,6685,18,1087,8259,1621,16641,,,,
1416332655.04207,public,orders,14,120060000,5235083,5809333,15015000,0,0,0,15015000,0,1422332,7119171,86734,15784290,,,,
1416332655.04207,pg_catalog,pg_language,0,0,0,0,0,0,0,0,0,0,0,0,0,0,,,,
1416332655.04207,pg_toast,pg_toast_12320,0,0,0,0,0,0,0,0,0,0,0,0,0,0,,,,
1416332655.04207,pg_catalog,pg_amproc,76,152,21114,33275,0,0,0,0,0,0,123,20751,220,47038,,,,
1416332655.04207,public,time_statistics,18,188,,,20,18,0,18,20,18,3,53,,,,,,
1416332655.04207,pg_catalog,pg_collation,0,0,0,0,0,0,0,0,0,0,0,0,0,0,,,,
1416332655.04207,pg_catalog,pg_range,0,0,1142,0,0,0,0,0,0,0,0,0,428,1856,,,,
1416332655.04207,pg_toast,pg_toast_2609,0,0,0,0,0,0,0,0,0,0,0,0,0,0,,,,
1416332655.04207,pg_catalog,pg_opclass,76,76,29045,325883,0,0,0,0,0,0,234,129255,470,35646,,,,
1416332655.04207,information_schema,sql_packages,0,0,,,0,0,0,0,0,0,0,0,,,0,0,0,0
1416332655.04207,pg_catalog,pg_rewrite,0,0,1201,955,82,0,82,0,110,52,614,1042,271,1781,289,337,160,1488
1416332655.04207,pg_toast,pg_toast_1255,0,0,0,0,0,0,0,0,0,0,0,0,0,0,,,,
1416332655.04207,pg_catalog,pg_seclabel,0,0,683,0,0,0,0,0,0,0,0,0,62,621,0,0,0,0
1416332655.04207,public,partsupp,7,40000000,55798,2337032,8000000,0,0,0,8000000,0,858297,3035292,38559,135598,,,,
1416332655.04207,pg_toast,pg_toast_12335,0,0,0,0,0,0,0,0,0,0,0,0,0,0,,,,
1416332655.04207,pg_catalog,pg_ts_parser,0,0,0,0,0,0,0,0,0,0,0,0,0,0,,,,
1416332655.04207,pg_catalog,pg_trigger,0,0,0,0,0,0,0,0,0,0,0,0,0,0,0,0,0,0
1416332655.04207,pg_toast,pg_toast_12340,0,0,0,0,0,0,0,0,0,0,0,0,0,0,,,,
1416332655.04207,pg_catalog,pg_shseclabel,0,0,0,0,0,0,0,0,0,0,0,0,0,0,,,,
1416332655.04207,pg_catalog,pg_event_trigger,0,0,266,0,0,0,0,0,0,0,0,0,71,195,,,,
1416332655.04207,information_schema,sql_features,0,0,,,0,0,0,0,0,0,0,0,,,0,0,0,0
1416332655.04207,information_schema,sql_languages,0,0,,,0,0,0,0,0,0,0,0,,,0,0,0,0
1416332655.04207,public,supplier,9,500000,3319360,3365519,100000,0,0,0,100000,0,9098,3338576,695,6655696,,,,
1416332655.04207,pg_catalog,pg_foreign_table,0,0,0,0,0,0,0,0,0,0,0,0,0,0,,,,
1416332655.04207,public,part,10,16000000,62,2357144,2000000,0,0,0,2000000,0,190431,409569,6643,189,,,,
1416332655.04207,pg_catalog,pg_extension,0,0,0,0,0,0,0,0,0,0,0,0,0,0,,,,
1416332655.04207,pg_catalog,pg_ts_config,0,0,0,0,0,0,0,0,0,0,0,0,0,0,,,,
1416332655.04207,pg_catalog,pg_shdescription,0,0,0,0,0,0,0,0,0,0,0,0,0,0,0,0,0,0
1416332655.04207,pg_catalog,pg_cast,0,0,160269,38131,0,0,0,0,0,0,218,37913,149,164730,,,,
1416332655.04207,pg_catalog,pg_amop,0,0,42980,62531,0,0,0,0,0,0,331,62200,722,90902,,,,
1416332655.04207,pg_catalog,pg_user_mapping,0,0,0,0,0,0,0,0,0,0,0,0,0,0,,,,
1416332655.04207,pg_toast,pg_toast_12315,0,0,0,0,0,0,0,0,0,0,0,0,0,0,,,,
1416332655.04207,pg_catalog,pg_type,0,0,113431,112301,301,0,301,0,360,103,777,112864,1133,233142,,,,
1416332655.04207,pg_catalog,pg_largeobject,0,0,0,0,0,0,0,0,0,0,0,0,0,0,,,,
1416332655.04207,information_schema,sql_parts,0,0,,,0,0,0,0,0,0,0,0,,,0,0,0,0
1416332655.04207,pg_catalog,pg_ts_config_map,0,0,0,0,0,0,0,0,0,0,0,0,0,0,,,,
1416332655.04207,pg_catalog,pg_largeobject_metadata,0,0,0,0,0,0,0,0,0,0,0,0,0,0,,,,
1416332655.04207,pg_catalog,pg_am,5154,5154,0,0,0,0,0,0,0,0,82,5072,0,0,,,,
1416332655.04207,pg_catalog,pg_ts_template,0,0,0,0,0,0,0,0,0,0,0,0,0,0,,,,
1416332655.04207,pg_catalog,pg_foreign_server,0,0,0,0,0,0,0,0,0,0,0,0,0,0,,,,
1416332655.04207,pg_catalog,pg_namespace,214,17976,27293,22536,0,0,0,0,0,0,117,22847,338,32091,,,,
1416332655.04207,pg_toast,pg_toast_2619,0,0,19727,65953,886,0,648,0,261,20,6280,26759,255,22848,,,,
1416332655.04207,pg_catalog,pg_authid,123,123,9585,9585,0,0,0,0,0,0,67,9641,322,18848,,,,
1416332655.04207,pg_catalog,pg_default_acl,0,0,608,0,0,0,0,0,0,0,0,0,65,543,,,,
1416332655.04207,pg_catalog,pg_shdepend,0,0,835,152,0,0,0,0,0,0,71,81,271,868,,,,
1416332655.04207,pg_catalog,pg_constraint,0,0,48,24,24,0,24,0,8,24,12,132,24,240,0,0,0,0
1416332655.04207,information_schema,sql_implementation_info,0,0,,,0,0,0,0,0,0,0,0,,,0,0,0,0
1416332655.04207,pg_catalog,pg_index,737,66166,56185,78753,124,0,124,0,143,0,690,78518,398,64014,,,,
1416332655.04207,pg_catalog,pg_ts_dict,0,0,0,0,0,0,0,0,0,0,0,0,0,0,,,,
1416332655.04207,pg_toast,pg_toast_2604,0,0,0,0,0,0,0,0,0,0,0,0,0,0,,,,
1416332655.04207,pg_toast,pg_toast_12325,0,0,0,0,0,0,0,0,0,0,0,0,0,0,,,,
1416332655.04207,information_schema,sql_sizing,0,0,,,0,0,0,0,0,0,0,0,,,0,0,0,0
1416332655.04207,pg_catalog,pg_proc,0,0,42447,62883,0,0,0,0,0,0,3559,42370,1833,92133,0,0,0,0
1416332715.04495,pg_catalog,pg_attrdef,0,0,0,0,0,0,0,0,0,0,0,0,0,0,0,0,0,0
1416332715.04495,pg_catalog,pg_db_role_setting,0,0,21216,0,0,0,0,0,0,0,0,0,70,21146,0,0,0,0
1416332715.04495,pg_catalog,pg_rowsecurity,0,0,0,0,0,0,0,0,0,0,0,0,0,0,,,,
1416332715.04495,pg_catalog,pg_description,0,0,683,0,0,0,0,0,0,0,0,0,191,1327,0,0,0,0
1416332715.04495,pg_catalog,pg_foreign_data_wrapper,0,0,0,0,0,0,0,0,0,0,0,0,0,0,,,,
1416332715.04495,pg_catalog,pg_conversion,0,0,0,0,0,0,0,0,0,0,0,0,0,0,,,,
1416332715.04495,public,customer,13,13500000,68,1171683,1500000,0,0,0,1500000,0,161489,558617,3607,199,,,,
1416332715.04495,pg_catalog,pg_class,2061,464328,120386,109664,276,82,276,80,337,109,1489,132560,1137,251887,,,,
1416332715.04495,pg_catalog,pg_opfamily,0,0,0,0,0,0,0,0,0,0,0,0,0,0,,,,
1416332715.04495,pg_catalog,pg_auth_members,0,0,0,0,0,0,0,0,0,0,0,0,0,0,,,,
1416332715.04495,pg_catalog,pg_operator,0,0,36764,192660,0,0,0,0,0,0,1118,133176,935,79694,,,,
1416332715.04495,public,nation,22,275,25764,25764,25,0,0,0,25,0,5,25772,11,25769,,,,
1416332715.04495,pg_toast,pg_toast_12345,0,0,0,0,0,0,0,0,0,0,0,0,0,0,,,,
1416332715.04495,public,lineitem,17,780057144,2599984,85684461,60045669,0,0,0,60045389,0,15354253,25326013,710090,11376627,,,,
1416332715.04495,pg_catalog,pg_attribute,418,2850,98611,222526,1018,30,1018,30,2514,352,3703,109472,902,206092,,,,
1416332715.04495,pg_catalog,pg_tablespace,0,0,3424,3424,0,0,0,0,0,0,105,3319,218,6646,,,,
1416332715.04495,pg_catalog,pg_statistic,0,0,27013,25943,235,608,238,565,464,77,2749,24980,333,57771,6303,26784,255,22883
1416332715.04495,pg_catalog,pg_aggregate,0,0,2561,2561,0,0,0,0,0,0,187,2374,423,4040,,,,
1416332715.04495,pg_catalog,pg_inherits,0,0,152,0,0,0,0,0,0,0,0,0,67,85,,,,
1416332715.04495,pg_catalog,pg_enum,0,0,0,0,0,0,0,0,0,0,0,0,0,0,,,,
1416332715.04495,pg_toast,pg_toast_2396,0,0,0,0,0,0,0,0,0,0,0,0,0,0,,,,
1416332715.04495,pg_catalog,pg_pltemplate,0,0,0,0,0,0,0,0,0,0,0,0,0,0,,,,
1416332715.04495,pg_toast,pg_toast_2618,0,0,516,1648,0,0,0,0,0,0,289,343,80,752,,,,
1416332715.04495,public,region,6433,32140,14,14,5,0,0,0,5,0,3,6441,6,13,,,,
1416332715.04495,pg_toast,pg_toast_3596,0,0,0,0,0,0,0,0,0,0,0,0,0,0,,,,
1416332715.04495,pg_toast,pg_toast_2606,0,0,0,0,0,0,0,0,0,0,0,0,0,0,,,,
1416332715.04495,pg_toast,pg_toast_2964,0,0,0,0,0,0,0,0,0,0,0,0,0,0,,,,
1416332715.04495,pg_toast,pg_toast_12330,0,0,0,0,0,0,0,0,0,0,0,0,0,0,,,,
1416332715.04495,pg_catalog,pg_database,625,2428,17423,17423,0,0,0,0,0,0,52,17996,316,27703,,,,
1416332715.04495,information_schema,sql_sizing_profiles,0,0,,,0,0,0,0,0,0,0,0,,,0,0,0,0
1416332715.04495,pg_toast,pg_toast_2620,0,0,0,0,0,0,0,0,0,0,0,0,0,0,,,,
1416332715.04495,pg_catalog,pg_depend,0,0,6357,6844,1168,0,1168,0,6685,18,1087,8259,1621,16641,,,,
1416332715.04495,public,orders,14,120060000,5235086,6383586,15015000,0,0,0,15015000,0,1608851,7160840,88309,15784294,,,,
1416332715.04495,pg_catalog,pg_language,0,0,0,0,0,0,0,0,0,0,0,0,0,0,,,,
1416332715.04495,pg_toast,pg_toast_12320,0,0,0,0,0,0,0,0,0,0,0,0,0,0,,,,
1416332715.04495,pg_catalog,pg_amproc,76,152,21161,33348,0,0,0,0,0,0,123,20797,220,47144,,,,
1416332715.04495,public,time_statistics,21,251,,,23,21,0,21,23,21,3,62,,,,,,
1416332715.04495,pg_catalog,pg_collation,0,0,0,0,0,0,0,0,0,0,0,0,0,0,,,,
1416332715.04495,pg_catalog,pg_range,0,0,1145,0,0,0,0,0,0,0,0,0,428,1862,,,,
1416332715.04495,pg_toast,pg_toast_2609,0,0,0,0,0,0,0,0,0,0,0,0,0,0,,,,
1416332715.04495,pg_catalog,pg_opclass,76,76,29109,326643,0,0,0,0,0,0,234,129551,470,35728,,,,
1416332715.04495,information_schema,sql_packages,0,0,,,0,0,0,0,0,0,0,0,,,0,0,0,0
1416332715.04495,pg_catalog,pg_rewrite,0,0,1208,962,82,0,82,0,110,52,614,1049,271,1793,289,343,160,1504
1416332715.04495,pg_toast,pg_toast_1255,0,0,0,0,0,0,0,0,0,0,0,0,0,0,,,,
1416332715.04495,pg_catalog,pg_seclabel,0,0,683,0,0,0,0,0,0,0,0,0,62,621,0,0,0,0
1416332715.04495,public,partsupp,7,40000000,55798,2337032,8000000,0,0,0,8000000,0,858297,3035292,38559,135598,,,,
1416332715.04495,pg_toast,pg_toast_12335,0,0,0,0,0,0,0,0,0,0,0,0,0,0,,,,
1416332715.04495,pg_catalog,pg_ts_parser,0,0,0,0,0,0,0,0,0,0,0,0,0,0,,,,
1416332715.04495,pg_catalog,pg_trigger,0,0,0,0,0,0,0,0,0,0,0,0,0,0,0,0,0,0
1416332715.04495,pg_toast,pg_toast_12340,0,0,0,0,0,0,0,0,0,0,0,0,0,0,,,,
1416332715.04495,pg_catalog,pg_shseclabel,0,0,0,0,0,0,0,0,0,0,0,0,0,0,,,,
1416332715.04495,pg_catalog,pg_event_trigger,0,0,266,0,0,0,0,0,0,0,0,0,71,195,,,,
1416332715.04495,information_schema,sql_features,0,0,,,0,0,0,0,0,0,0,0,,,0,0,0,0
1416332715.04495,information_schema,sql_languages,0,0,,,0,0,0,0,0,0,0,0,,,0,0,0,0
1416332715.04495,public,supplier,9,500000,3319360,3365519,100000,0,0,0,100000,0,9098,3338576,695,6655696,,,,
1416332715.04495,pg_catalog,pg_foreign_table,0,0,0,0,0,0,0,0,0,0,0,0,0,0,,,,
1416332715.04495,public,part,10,16000000,78,2367380,2000000,0,0,0,2000000,0,199553,409569,7916,749,,,,
1416332715.04495,pg_catalog,pg_extension,0,0,0,0,0,0,0,0,0,0,0,0,0,0,,,,
1416332715.04495,pg_catalog,pg_ts_config,0,0,0,0,0,0,0,0,0,0,0,0,0,0,,,,
1416332715.04495,pg_catalog,pg_shdescription,0,0,0,0,0,0,0,0,0,0,0,0,0,0,0,0,0,0
1416332715.04495,pg_catalog,pg_cast,0,0,160679,38225,0,0,0,0,0,0,218,38007,149,165154,,,,
1416332715.04495,pg_catalog,pg_amop,0,0,43084,62681,0,0,0,0,0,0,331,62350,723,91126,,,,
1416332715.04495,pg_catalog,pg_user_mapping,0,0,0,0,0,0,0,0,0,0,0,0,0,0,,,,
1416332715.04495,pg_toast,pg_toast_12315,0,0,0,0,0,0,0,0,0,0,0,0,0,0,,,,
1416332715.04495,pg_catalog,pg_type,0,0,113768,112638,301,0,301,0,360,103,777,113201,1134,233831,,,,
1416332715.04495,pg_catalog,pg_largeobject,0,0,0,0,0,0,0,0,0,0,0,0,0,0,,,,
1416332715.04495,information_schema,sql_parts,0,0,,,0,0,0,0,0,0,0,0,,,0,0,0,0
1416332715.04495,pg_catalog,pg_ts_config_map,0,0,0,0,0,0,0,0,0,0,0,0,0,0,,,,
1416332715.04495,pg_catalog,pg_largeobject_metadata,0,0,0,0,0,0,0,0,0,0,0,0,0,0,,,,
1416332715.04495,pg_catalog,pg_am,5166,5166,0,0,0,0,0,0,0,0,82,5084,0,0,,,,
1416332715.04495,pg_catalog,pg_ts_template,0,0,0,0,0,0,0,0,0,0,0,0,0,0,,,,
1416332715.04495,pg_catalog,pg_foreign_server,0,0,0,0,0,0,0,0,0,0,0,0,0,0,,,,
1416332715.04495,pg_catalog,pg_namespace,216,18144,27477,22706,0,0,0,0,0,0,117,23021,338,32291,,,,
1416332715.04495,pg_toast,pg_toast_2619,0,0,19756,66062,886,0,648,0,261,20,6303,26784,255,22883,,,,
1416332715.04495,pg_catalog,pg_authid,124,124,9613,9613,0,0,0,0,0,0,67,9670,322,18904,,,,
1416332715.04495,pg_catalog,pg_default_acl,0,0,608,0,0,0,0,0,0,0,0,0,65,543,,,,
1416332715.04495,pg_catalog,pg_shdepend,0,0,835,152,0,0,0,0,0,0,71,81,271,868,,,,
1416332715.04495,pg_catalog,pg_constraint,0,0,48,24,24,0,24,0,8,24,12,132,24,240,0,0,0,0
1416332715.04495,information_schema,sql_implementation_info,0,0,,,0,0,0,0,0,0,0,0,,,0,0,0,0
1416332715.04495,pg_catalog,pg_index,742,66881,56289,78901,124,0,124,0,143,0,690,78688,398,64138,,,,
1416332715.04495,pg_catalog,pg_ts_dict,0,0,0,0,0,0,0,0,0,0,0,0,0,0,,,,
1416332715.04495,pg_toast,pg_toast_2604,0,0,0,0,0,0,0,0,0,0,0,0,0,0,,,,
1416332715.04495,pg_toast,pg_toast_12325,0,0,0,0,0,0,0,0,0,0,0,0,0,0,,,,
1416332715.04495,information_schema,sql_sizing,0,0,,,0,0,0,0,0,0,0,0,,,0,0,0,0
1416332715.04495,pg_catalog,pg_proc,0,0,42601,63100,0,0,0,0,0,0,3567,42536,1836,92466,0,0,0,0
1416332775.04794,pg_catalog,pg_attrdef,0,0,0,0,0,0,0,0,0,0,0,0,0,0,0,0,0,0
1416332775.04794,pg_catalog,pg_db_role_setting,0,0,21280,0,0,0,0,0,0,0,0,0,70,21210,0,0,0,0
1416332775.04794,pg_catalog,pg_rowsecurity,0,0,0,0,0,0,0,0,0,0,0,0,0,0,,,,
1416332775.04794,pg_catalog,pg_description,0,0,683,0,0,0,0,0,0,0,0,0,191,1327,0,0,0,0
1416332775.04794,pg_catalog,pg_foreign_data_wrapper,0,0,0,0,0,0,0,0,0,0,0,0,0,0,,,,
1416332775.04794,pg_catalog,pg_conversion,0,0,0,0,0,0,0,0,0,0,0,0,0,0,,,,
1416332775.04794,public,customer,14,15000000,81,1471184,1500000,0,0,0,1500000,0,196765,703941,4437,235,,,,
1416332775.04794,pg_catalog,pg_class,2071,467378,120897,110156,276,82,276,80,337,109,1490,133182,1138,252945,,,,
1416332775.04794,pg_catalog,pg_opfamily,0,0,0,0,0,0,0,0,0,0,0,0,0,0,,,,
1416332775.04794,pg_catalog,pg_auth_members,0,0,0,0,0,0,0,0,0,0,0,0,0,0,,,,
1416332775.04794,pg_catalog,pg_operator,0,0,36845,193003,0,0,0,0,0,0,1118,133415,937,79874,,,,
1416332775.04794,public,nation,24,325,25781,25805,25,0,0,0,25,0,5,25791,12,25787,,,,
1416332775.04794,pg_toast,pg_toast_12345,0,0,0,0,0,0,0,0,0,0,0,0,0,0,,,,
1416332775.04794,public,lineitem,17,780057144,4256110,96166435,60045669,0,0,0,60045389,0,16687704,25972767,1115426,17644718,,,,
1416332775.04794,pg_catalog,pg_attribute,418,2850,98960,223199,1018,30,1018,30,2514,352,3704,109839,902,206810,,,,
1416332775.04794,pg_catalog,pg_tablespace,0,0,3435,3435,0,0,0,0,0,0,105,3330,218,6668,,,,
1416332775.04794,pg_catalog,pg_statistic,0,0,27089,26004,235,608,238,565,464,77,2755,25035,333,57934,6311,26826,255,22927
1416332775.04794,pg_catalog,pg_aggregate,0,0,2565,2565,0,0,0,0,0,0,187,2378,423,4048,,,,
1416332775.04794,pg_catalog,pg_inherits,0,0,152,0,0,0,0,0,0,0,0,0,67,85,,,,
1416332775.04794,pg_catalog,pg_enum,0,0,0,0,0,0,0,0,0,0,0,0,0,0,,,,
1416332775.04794,pg_toast,pg_toast_2396,0,0,0,0,0,0,0,0,0,0,0,0,0,0,,,,
1416332775.04794,pg_catalog,pg_pltemplate,0,0,0,0,0,0,0,0,0,0,0,0,0,0,,,,
1416332775.04794,pg_toast,pg_toast_2618,0,0,521,1664,0,0,0,0,0,0,293,345,80,760,,,,
1416332775.04794,public,region,6434,32145,16,16,5,0,0,0,5,0,4,6443,8,14,,,,
1416332775.04794,pg_toast,pg_toast_3596,0,0,0,0,0,0,0,0,0,0,0,0,0,0,,,,
1416332775.04794,pg_toast,pg_toast_2606,0,0,0,0,0,0,0,0,0,0,0,0,0,0,,,,
1416332775.04794,pg_toast,pg_toast_2964,0,0,0,0,0,0,0,0,0,0,0,0,0,0,,,,
1416332775.04794,pg_toast,pg_toast_12330,0,0,0,0,0,0,0,0,0,0,0,0,0,0,,,,
1416332775.04794,pg_catalog,pg_database,628,2440,17479,17479,0,0,0,0,0,0,52,18055,316,27791,,,,
1416332775.04794,information_schema,sql_sizing_profiles,0,0,,,0,0,0,0,0,0,0,0,,,0,0,0,0
1416332775.04794,pg_toast,pg_toast_2620,0,0,0,0,0,0,0,0,0,0,0,0,0,0,,,,
1416332775.04794,pg_catalog,pg_depend,0,0,6357,6844,1168,0,1168,0,6685,18,1087,8259,1621,16641,,,,
1416332775.04794,public,orders,16,150090000,5235097,8661841,15015000,0,0,0,15015000,0,1869365,7660881,94541,15784322,,,,
1416332775.04794,pg_catalog,pg_language,0,0,0,0,0,0,0,0,0,0,0,0,0,0,,,,
1416332775.04794,pg_toast,pg_toast_12320,0,0,0,0,0,0,0,0,0,0,0,0,0,0,,,,
1416332775.04794,pg_catalog,pg_amproc,76,152,21218,33436,0,0,0,0,0,0,123,20852,220,47276,,,,
1416332775.04794,public,time_statistics,24,323,,,26,24,0,24,26,24,3,71,,,,,,
1416332775.04794,pg_catalog,pg_collation,0,0,0,0,0,0,0,0,0,0,0,0,0,0,,,,
1416332775.04794,pg_catalog,pg_range,0,0,1148,0,0,0,0,0,0,0,0,0,430,1866,,,,
1416332775.04794,pg_toast,pg_toast_2609,0,0,0,0,0,0,0,0,0,0,0,0,0,0,,,,
1416332775.04794,pg_catalog,pg_opclass,76,76,29173,327279,0,0,0,0,0,0,234,129807,470,35816,,,,
1416332775.04794,information_schema,sql_packages,0,0,,,0,0,0,0,0,0,0,0,,,0,0,0,0
1416332775.04794,pg_catalog,pg_rewrite,0,0,1215,969,82,0,82,0,110,52,617,1053,271,1805,293,345,160,1520
1416332775.04794,pg_toast,pg_toast_1255,0,0,0,0,0,0,0,0,0,0,0,0,0,0,,,,
1416332775.04794,pg_catalog,pg_seclabel,0,0,683,0,0,0,0,0,0,0,0,0,62,621,0,0,0,0
1416332775.04794,public,partsupp,7,40000000,55798,2337032,8000000,0,0,0,8000000,0,858297,3035292,38559,135598,,,,
1416332775.04794,pg_toast,pg_toast_12335,0,0,0,0,0,0,0,0,0,0,0,0,0,0,,,,
1416332775.04794,pg_catalog,pg_ts_parser,0,0,0,0,0,0,0,0,0,0,0,0,0,0,,,,
1416332775.04794,pg_catalog,pg_trigger,0,0,0,0,0,0,0,0,0,0,0,0,0,0,0,0,0,0
1416332775.04794,pg_toast,pg_toast_12340,0,0,0,0,0,0,0,0,0,0,0,0,0,0,,,,
1416332775.04794,pg_catalog,pg_shseclabel,0,0,0,0,0,0,0,0,0,0,0,0,0,0,,,,
1416332775.04794,pg_catalog,pg_event_trigger,0,0,266,0,0,0,0,0,0,0,0,0,71,195,,,,
1416332775.04794,information_schema,sql_features,0,0,,,0,0,0,0,0,0,0,0,,,0,0,0,0
1416332775.04794,information_schema,sql_languages,0,0,,,0,0,0,0,0,0,0,0,,,0,0,0,0
1416332775.04794,public,supplier,11,700000,3319368,3365527,100000,0,0,0,100000,0,11276,3340764,699,6655714,,,,
1416332775.04794,pg_catalog,pg_foreign_table,0,0,0,0,0,0,0,0,0,0,0,0,0,0,,,,
1416332775.04794,public,part,10,16000000,78,2367380,2000000,0,0,0,2000000,0,199553,409569,7916,749,,,,
1416332775.04794,pg_catalog,pg_extension,0,0,0,0,0,0,0,0,0,0,0,0,0,0,,,,
1416332775.04794,pg_catalog,pg_ts_config,0,0,0,0,0,0,0,0,0,0,0,0,0,0,,,,
1416332775.04794,pg_catalog,pg_shdescription,0,0,0,0,0,0,0,0,0,0,0,0,0,0,0,0,0,0
1416332775.04794,pg_catalog,pg_cast,0,0,160985,38302,0,0,0,0,0,0,218,38084,149,165474,,,,
1416332775.04794,pg_catalog,pg_amop,0,0,43182,62824,0,0,0,0,0,0,331,62493,724,91338,,,,
1416332775.04794,pg_catalog,pg_user_mapping,0,0,0,0,0,0,0,0,0,0,0,0,0,0,,,,
1416332775.04794,pg_toast,pg_toast_12315,0,0,0,0,0,0,0,0,0,0,0,0,0,0,,,,
1416332775.04794,pg_catalog,pg_type,0,0,114074,112944,301,0,301,0,360,103,777,113507,1136,234458,,,,
1416332775.04794,pg_catalog,pg_largeobject,0,0,0,0,0,0,0,0,0,0,0,0,0,0,,,,
1416332775.04794,information_schema,sql_parts,0,0,,,0,0,0,0,0,0,0,0,,,0,0,0,0
1416332775.04794,pg_catalog,pg_ts_config_map,0,0,0,0,0,0,0,0,0,0,0,0,0,0,,,,
1416332775.04794,pg_catalog,pg_largeobject_metadata,0,0,0,0,0,0,0,0,0,0,0,0,0,0,,,,
1416332775.04794,pg_catalog,pg_am,5184,5184,0,0,0,0,0,0,0,0,82,5102,0,0,,,,
1416332775.04794,pg_catalog,pg_ts_template,0,0,0,0,0,0,0,0,0,0,0,0,0,0,,,,
1416332775.04794,pg_catalog,pg_foreign_server,0,0,0,0,0,0,0,0,0,0,0,0,0,0,,,,
1416332775.04794,pg_catalog,pg_namespace,218,18312,27662,22877,0,0,0,0,0,0,117,23196,338,32492,,,,
1416332775.04794,pg_toast,pg_toast_2619,0,0,19794,66173,886,0,648,0,261,20,6311,26826,255,22927,,,,
1416332775.04794,pg_catalog,pg_authid,125,125,9641,9641,0,0,0,0,0,0,67,9699,322,18960,,,,
1416332775.04794,pg_catalog,pg_default_acl,0,0,608,0,0,0,0,0,0,0,0,0,65,543,,,,
1416332775.04794,pg_catalog,pg_shdepend,0,0,835,152,0,0,0,0,0,0,71,81,271,868,,,,
1416332775.04794,pg_catalog,pg_constraint,0,0,48,24,24,0,24,0,8,24,12,132,24,240,0,0,0,0
1416332775.04794,information_schema,sql_implementation_info,0,0,,,0,0,0,0,0,0,0,0,,,0,0,0,0
1416332775.04794,pg_catalog,pg_index,747,67596,56419,79083,124,0,124,0,143,0,690,78892,398,64294,,,,
1416332775.04794,pg_catalog,pg_ts_dict,0,0,0,0,0,0,0,0,0,0,0,0,0,0,,,,
1416332775.04794,pg_toast,pg_toast_2604,0,0,0,0,0,0,0,0,0,0,0,0,0,0,,,,
1416332775.04794,pg_toast,pg_toast_12325,0,0,0,0,0,0,0,0,0,0,0,0,0,0,,,,
1416332775.04794,information_schema,sql_sizing,0,0,,,0,0,0,0,0,0,0,0,,,0,0,0,0
1416332775.04794,pg_catalog,pg_proc,0,0,42750,63312,0,0,0,0,0,0,3574,42702,1836,92792,0,0,0,0
